line_id,trip,depart,arrive,headway_min,runtime_min,dwell_s_default,stops
L1,L1_A,06:00,06:53,15,53,35,"['Fallback Line_S0', 'Fallback Line_S1', 'Fallback Line_S2', 'Fallback Line_S3', 'Fallback Line_S4', 'Fallback Line_S5', 'Fallback Line_S6', 'Fallback Line_S7', 'Fallback Line_S8', 'Fallback Line_S9', 'Fallback Line_S10', 'Fallback Line_S11', 'Fallback Line_S12', 'Fallback Line_S13', 'Fallback Line_S14', 'Fallback Line_S15', 'Fallback Line_S16', 'Fallback Line_S17', 'Fallback Line_S18', 'Fallback Line_S19', 'Fallback Line_S20', 'Fallback Line_S21', 'Fallback Line_S22', 'Fallback Line_S23', 'Fallback Line_S24', 'Fallback Line_S25', 'Fallback Line_S26']"
L1,L1_B,06:00,06:53,15,53,35,"['Fallback Line_S26', 'Fallback Line_S25', 'Fallback Line_S24', 'Fallback Line_S23', 'Fallback Line_S22', 'Fallback Line_S21', 'Fallback Line_S20', 'Fallback Line_S19', 'Fallback Line_S18', 'Fallback Line_S17', 'Fallback Line_S16', 'Fallback Line_S15', 'Fallback Line_S14', 'Fallback Line_S13', 'Fallback Line_S12', 'Fallback Line_S11', 'Fallback Line_S10', 'Fallback Line_S9', 'Fallback Line_S8', 'Fallback Line_S7', 'Fallback Line_S6', 'Fallback Line_S5', 'Fallback Line_S4', 'Fallback Line_S3', 'Fallback Line_S2', 'Fallback Line_S1', 'Fallback Line_S0']"
L1,L1_A,06:15,07:08,15,53,35,"['Fallback Line_S0', 'Fallback Line_S1', 'Fallback Line_S2', 'Fallback Line_S3', 'Fallback Line_S4', 'Fallback Line_S5', 'Fallback Line_S6', 'Fallback Line_S7', 'Fallback Line_S8', 'Fallback Line_S9', 'Fallback Line_S10', 'Fallback Line_S11', 'Fallback Line_S12', 'Fallback Line_S13', 'Fallback Line_S14', 'Fallback Line_S15', 'Fallback Line_S16', 'Fallback Line_S17', 'Fallback Line_S18', 'Fallback Line_S19', 'Fallback Line_S20', 'Fallback Line_S21', 'Fallback Line_S22', 'Fallback Line_S23', 'Fallback Line_S24', 'Fallback Line_S25', 'Fallback Line_S26']"
L1,L1_B,06:15,07:08,15,53,35,"['Fallback Line_S26', 'Fallback Line_S25', 'Fallback Line_S24', 'Fallback Line_S23', 'Fallback Line_S22', 'Fallback Line_S21', 'Fallback Line_S20', 'Fallback Line_S19', 'Fallback Line_S18', 'Fallback Line_S17', 'Fallback Line_S16', 'Fallback Line_S15', 'Fallback Line_S14', 'Fallback Line_S13', 'Fallback Line_S12', 'Fallback Line_S11', 'Fallback Line_S10', 'Fallback Line_S9', 'Fallback Line_S8', 'Fallback Line_S7', 'Fallback Line_S6', 'Fallback Line_S5', 'Fallback Line_S4', 'Fallback Line_S3', 'Fallback Line_S2', 'Fallback Line_S1', 'Fallback Line_S0']"
L1,L1_A,06:30,07:23,15,53,35,"['Fallback Line_S0', 'Fallback Line_S1', 'Fallback Line_S2', 'Fallback Line_S3', 'Fallback Line_S4', 'Fallback Line_S5', 'Fallback Line_S6', 'Fallback Line_S7', 'Fallback Line_S8', 'Fallback Line_S9', 'Fallback Line_S10', 'Fallback Line_S11', 'Fallback Line_S12', 'Fallback Line_S13', 'Fallback Line_S14', 'Fallback Line_S15', 'Fallback Line_S16', 'Fallback Line_S17', 'Fallback Line_S18', 'Fallback Line_S19', 'Fallback Line_S20', 'Fallback Line_S21', 'Fallback Line_S22', 'Fallback Line_S23', 'Fallback Line_S24', 'Fallback Line_S25', 'Fallback Line_S26']"
L1,L1_B,06:30,07:23,15,53,35,"['Fallback Line_S26', 'Fallback Line_S25', 'Fallback Line_S24', 'Fallback Line_S23', 'Fallback Line_S22', 'Fallback Line_S21', 'Fallback Line_S20', 'Fallback Line_S19', 'Fallback Line_S18', 'Fallback Line_S17', 'Fallback Line_S16', 'Fallback Line_S15', 'Fallback Line_S14', 'Fallback Line_S13', 'Fallback Line_S12', 'Fallback Line_S11', 'Fallback Line_S10', 'Fallback Line_S9', 'Fallback Line_S8', 'Fallback Line_S7', 'Fallback Line_S6', 'Fallback Line_S5', 'Fallback Line_S4', 'Fallback Line_S3', 'Fallback Line_S2', 'Fallback Line_S1', 'Fallback Line_S0']"
L1,L1_A,06:45,07:38,15,53,35,"['Fallback Line_S0', 'Fallback Line_S1', 'Fallback Line_S2', 'Fallback Line_S3', 'Fallback Line_S4', 'Fallback Line_S5', 'Fallback Line_S6', 'Fallback Line_S7', 'Fallback Line_S8', 'Fallback Line_S9', 'Fallback Line_S10', 'Fallback Line_S11', 'Fallback Line_S12', 'Fallback Line_S13', 'Fallback Line_S14', 'Fallback Line_S15', 'Fallback Line_S16', 'Fallback Line_S17', 'Fallback Line_S18', 'Fallback Line_S19', 'Fallback Line_S20', 'Fallback Line_S21', 'Fallback Line_S22', 'Fallback Line_S23', 'Fallback Line_S24', 'Fallback Line_S25', 'Fallback Line_S26']"
L1,L1_B,06:45,07:38,15,53,35,"['Fallback Line_S26', 'Fallback Line_S25', 'Fallback Line_S24', 'Fallback Line_S23', 'Fallback Line_S22', 'Fallback Line_S21', 'Fallback Line_S20', 'Fallback Line_S19', 'Fallback Line_S18', 'Fallback Line_S17', 'Fallback Line_S16', 'Fallback Line_S15', 'Fallback Line_S14', 'Fallback Line_S13', 'Fallback Line_S12', 'Fallback Line_S11', 'Fallback Line_S10', 'Fallback Line_S9', 'Fallback Line_S8', 'Fallback Line_S7', 'Fallback Line_S6', 'Fallback Line_S5', 'Fallback Line_S4', 'Fallback Line_S3', 'Fallback Line_S2', 'Fallback Line_S1', 'Fallback Line_S0']"
L1,L1_A,07:00,07:53,15,53,35,"['Fallback Line_S0', 'Fallback Line_S1', 'Fallback Line_S2', 'Fallback Line_S3', 'Fallback Line_S4', 'Fallback Line_S5', 'Fallback Line_S6', 'Fallback Line_S7', 'Fallback Line_S8', 'Fallback Line_S9', 'Fallback Line_S10', 'Fallback Line_S11', 'Fallback Line_S12', 'Fallback Line_S13', 'Fallback Line_S14', 'Fallback Line_S15', 'Fallback Line_S16', 'Fallback Line_S17', 'Fallback Line_S18', 'Fallback Line_S19', 'Fallback Line_S20', 'Fallback Line_S21', 'Fallback Line_S22', 'Fallback Line_S23', 'Fallback Line_S24', 'Fallback Line_S25', 'Fallback Line_S26']"
L1,L1_B,07:00,07:53,15,53,35,"['Fallback Line_S26', 'Fallback Line_S25', 'Fallback Line_S24', 'Fallback Line_S23', 'Fallback Line_S22', 'Fallback Line_S21', 'Fallback Line_S20', 'Fallback Line_S19', 'Fallback Line_S18', 'Fallback Line_S17', 'Fallback Line_S16', 'Fallback Line_S15', 'Fallback Line_S14', 'Fallback Line_S13', 'Fallback Line_S12', 'Fallback Line_S11', 'Fallback Line_S10', 'Fallback Line_S9', 'Fallback Line_S8', 'Fallback Line_S7', 'Fallback Line_S6', 'Fallback Line_S5', 'Fallback Line_S4', 'Fallback Line_S3', 'Fallback Line_S2', 'Fallback Line_S1', 'Fallback Line_S0']"
L1,L1_A,07:15,08:08,15,53,35,"['Fallback Line_S0', 'Fallback Line_S1', 'Fallback Line_S2', 'Fallback Line_S3', 'Fallback Line_S4', 'Fallback Line_S5', 'Fallback Line_S6', 'Fallback Line_S7', 'Fallback Line_S8', 'Fallback Line_S9', 'Fallback Line_S10', 'Fallback Line_S11', 'Fallback Line_S12', 'Fallback Line_S13', 'Fallback Line_S14', 'Fallback Line_S15', 'Fallback Line_S16', 'Fallback Line_S17', 'Fallback Line_S18', 'Fallback Line_S19', 'Fallback Line_S20', 'Fallback Line_S21', 'Fallback Line_S22', 'Fallback Line_S23', 'Fallback Line_S24', 'Fallback Line_S25', 'Fallback Line_S26']"
L1,L1_B,07:15,08:08,15,53,35,"['Fallback Line_S26', 'Fallback Line_S25', 'Fallback Line_S24', 'Fallback Line_S23', 'Fallback Line_S22', 'Fallback Line_S21', 'Fallback Line_S20', 'Fallback Line_S19', 'Fallback Line_S18', 'Fallback Line_S17', 'Fallback Line_S16', 'Fallback Line_S15', 'Fallback Line_S14', 'Fallback Line_S13', 'Fallback Line_S12', 'Fallback Line_S11', 'Fallback Line_S10', 'Fallback Line_S9', 'Fallback Line_S8', 'Fallback Line_S7', 'Fallback Line_S6', 'Fallback Line_S5', 'Fallback Line_S4', 'Fallback Line_S3', 'Fallback Line_S2', 'Fallback Line_S1', 'Fallback Line_S0']"
L1,L1_A,07:30,08:23,15,53,35,"['Fallback Line_S0', 'Fallback Line_S1', 'Fallback Line_S2', 'Fallback Line_S3', 'Fallback Line_S4', 'Fallback Line_S5', 'Fallback Line_S6', 'Fallback Line_S7', 'Fallback Line_S8', 'Fallback Line_S9', 'Fallback Line_S10', 'Fallback Line_S11', 'Fallback Line_S12', 'Fallback Line_S13', 'Fallback Line_S14', 'Fallback Line_S15', 'Fallback Line_S16', 'Fallback Line_S17', 'Fallback Line_S18', 'Fallback Line_S19', 'Fallback Line_S20', 'Fallback Line_S21', 'Fallback Line_S22', 'Fallback Line_S23', 'Fallback Line_S24', 'Fallback Line_S25', 'Fallback Line_S26']"
L1,L1_B,07:30,08:23,15,53,35,"['Fallback Line_S26', 'Fallback Line_S25', 'Fallback Line_S24', 'Fallback Line_S23', 'Fallback Line_S22', 'Fallback Line_S21', 'Fallback Line_S20', 'Fallback Line_S19', 'Fallback Line_S18', 'Fallback Line_S17', 'Fallback Line_S16', 'Fallback Line_S15', 'Fallback Line_S14', 'Fallback Line_S13', 'Fallback Line_S12', 'Fallback Line_S11', 'Fallback Line_S10', 'Fallback Line_S9', 'Fallback Line_S8', 'Fallback Line_S7', 'Fallback Line_S6', 'Fallback Line_S5', 'Fallback Line_S4', 'Fallback Line_S3', 'Fallback Line_S2', 'Fallback Line_S1', 'Fallback Line_S0']"
L1,L1_A,07:45,08:38,15,53,35,"['Fallback Line_S0', 'Fallback Line_S1', 'Fallback Line_S2', 'Fallback Line_S3', 'Fallback Line_S4', 'Fallback Line_S5', 'Fallback Line_S6', 'Fallback Line_S7', 'Fallback Line_S8', 'Fallback Line_S9', 'Fallback Line_S10', 'Fallback Line_S11', 'Fallback Line_S12', 'Fallback Line_S13', 'Fallback Line_S14', 'Fallback Line_S15', 'Fallback Line_S16', 'Fallback Line_S17', 'Fallback Line_S18', 'Fallback Line_S19', 'Fallback Line_S20', 'Fallback Line_S21', 'Fallback Line_S22', 'Fallback Line_S23', 'Fallback Line_S24', 'Fallback Line_S25', 'Fallback Line_S26']"
L1,L1_B,07:45,08:38,15,53,35,"['Fallback Line_S26', 'Fallback Line_S25', 'Fallback Line_S24', 'Fallback Line_S23', 'Fallback Line_S22', 'Fallback Line_S21', 'Fallback Line_S20', 'Fallback Line_S19', 'Fallback Line_S18', 'Fallback Line_S17', 'Fallback Line_S16', 'Fallback Line_S15', 'Fallback Line_S14', 'Fallback Line_S13', 'Fallback Line_S12', 'Fallback Line_S11', 'Fallback Line_S10', 'Fallback Line_S9', 'Fallback Line_S8', 'Fallback Line_S7', 'Fallback Line_S6', 'Fallback Line_S5', 'Fallback Line_S4', 'Fallback Line_S3', 'Fallback Line_S2', 'Fallback Line_S1', 'Fallback Line_S0']"
L1,L1_A,08:00,08:53,15,53,35,"['Fallback Line_S0', 'Fallback Line_S1', 'Fallback Line_S2', 'Fallback Line_S3', 'Fallback Line_S4', 'Fallback Line_S5', 'Fallback Line_S6', 'Fallback Line_S7', 'Fallback Line_S8', 'Fallback Line_S9', 'Fallback Line_S10', 'Fallback Line_S11', 'Fallback Line_S12', 'Fallback Line_S13', 'Fallback Line_S14', 'Fallback Line_S15', 'Fallback Line_S16', 'Fallback Line_S17', 'Fallback Line_S18', 'Fallback Line_S19', 'Fallback Line_S20', 'Fallback Line_S21', 'Fallback Line_S22', 'Fallback Line_S23', 'Fallback Line_S24', 'Fallback Line_S25', 'Fallback Line_S26']"
L1,L1_B,08:00,08:53,15,53,35,"['Fallback Line_S26', 'Fallback Line_S25', 'Fallback Line_S24', 'Fallback Line_S23', 'Fallback Line_S22', 'Fallback Line_S21', 'Fallback Line_S20', 'Fallback Line_S19', 'Fallback Line_S18', 'Fallback Line_S17', 'Fallback Line_S16', 'Fallback Line_S15', 'Fallback Line_S14', 'Fallback Line_S13', 'Fallback Line_S12', 'Fallback Line_S11', 'Fallback Line_S10', 'Fallback Line_S9', 'Fallback Line_S8', 'Fallback Line_S7', 'Fallback Line_S6', 'Fallback Line_S5', 'Fallback Line_S4', 'Fallback Line_S3', 'Fallback Line_S2', 'Fallback Line_S1', 'Fallback Line_S0']"
L1,L1_A,08:15,09:08,15,53,35,"['Fallback Line_S0', 'Fallback Line_S1', 'Fallback Line_S2', 'Fallback Line_S3', 'Fallback Line_S4', 'Fallback Line_S5', 'Fallback Line_S6', 'Fallback Line_S7', 'Fallback Line_S8', 'Fallback Line_S9', 'Fallback Line_S10', 'Fallback Line_S11', 'Fallback Line_S12', 'Fallback Line_S13', 'Fallback Line_S14', 'Fallback Line_S15', 'Fallback Line_S16', 'Fallback Line_S17', 'Fallback Line_S18', 'Fallback Line_S19', 'Fallback Line_S20', 'Fallback Line_S21', 'Fallback Line_S22', 'Fallback Line_S23', 'Fallback Line_S24', 'Fallback Line_S25', 'Fallback Line_S26']"
L1,L1_B,08:15,09:08,15,53,35,"['Fallback Line_S26', 'Fallback Line_S25', 'Fallback Line_S24', 'Fallback Line_S23', 'Fallback Line_S22', 'Fallback Line_S21', 'Fallback Line_S20', 'Fallback Line_S19', 'Fallback Line_S18', 'Fallback Line_S17', 'Fallback Line_S16', 'Fallback Line_S15', 'Fallback Line_S14', 'Fallback Line_S13', 'Fallback Line_S12', 'Fallback Line_S11', 'Fallback Line_S10', 'Fallback Line_S9', 'Fallback Line_S8', 'Fallback Line_S7', 'Fallback Line_S6', 'Fallback Line_S5', 'Fallback Line_S4', 'Fallback Line_S3', 'Fallback Line_S2', 'Fallback Line_S1', 'Fallback Line_S0']"
L1,L1_A,08:30,09:23,15,53,35,"['Fallback Line_S0', 'Fallback Line_S1', 'Fallback Line_S2', 'Fallback Line_S3', 'Fallback Line_S4', 'Fallback Line_S5', 'Fallback Line_S6', 'Fallback Line_S7', 'Fallback Line_S8', 'Fallback Line_S9', 'Fallback Line_S10', 'Fallback Line_S11', 'Fallback Line_S12', 'Fallback Line_S13', 'Fallback Line_S14', 'Fallback Line_S15', 'Fallback Line_S16', 'Fallback Line_S17', 'Fallback Line_S18', 'Fallback Line_S19', 'Fallback Line_S20', 'Fallback Line_S21', 'Fallback Line_S22', 'Fallback Line_S23', 'Fallback Line_S24', 'Fallback Line_S25', 'Fallback Line_S26']"
L1,L1_B,08:30,09:23,15,53,35,"['Fallback Line_S26', 'Fallback Line_S25', 'Fallback Line_S24', 'Fallback Line_S23', 'Fallback Line_S22', 'Fallback Line_S21', 'Fallback Line_S20', 'Fallback Line_S19', 'Fallback Line_S18', 'Fallback Line_S17', 'Fallback Line_S16', 'Fallback Line_S15', 'Fallback Line_S14', 'Fallback Line_S13', 'Fallback Line_S12', 'Fallback Line_S11', 'Fallback Line_S10', 'Fallback Line_S9', 'Fallback Line_S8', 'Fallback Line_S7', 'Fallback Line_S6', 'Fallback Line_S5', 'Fallback Line_S4', 'Fallback Line_S3', 'Fallback Line_S2', 'Fallback Line_S1', 'Fallback Line_S0']"
L1,L1_A,08:45,09:38,15,53,35,"['Fallback Line_S0', 'Fallback Line_S1', 'Fallback Line_S2', 'Fallback Line_S3', 'Fallback Line_S4', 'Fallback Line_S5', 'Fallback Line_S6', 'Fallback Line_S7', 'Fallback Line_S8', 'Fallback Line_S9', 'Fallback Line_S10', 'Fallback Line_S11', 'Fallback Line_S12', 'Fallback Line_S13', 'Fallback Line_S14', 'Fallback Line_S15', 'Fallback Line_S16', 'Fallback Line_S17', 'Fallback Line_S18', 'Fallback Line_S19', 'Fallback Line_S20', 'Fallback Line_S21', 'Fallback Line_S22', 'Fallback Line_S23', 'Fallback Line_S24', 'Fallback Line_S25', 'Fallback Line_S26']"
L1,L1_B,08:45,09:38,15,53,35,"['Fallback Line_S26', 'Fallback Line_S25', 'Fallback Line_S24', 'Fallback Line_S23', 'Fallback Line_S22', 'Fallback Line_S21', 'Fallback Line_S20', 'Fallback Line_S19', 'Fallback Line_S18', 'Fallback Line_S17', 'Fallback Line_S16', 'Fallback Line_S15', 'Fallback Line_S14', 'Fallback Line_S13', 'Fallback Line_S12', 'Fallback Line_S11', 'Fallback Line_S10', 'Fallback Line_S9', 'Fallback Line_S8', 'Fallback Line_S7', 'Fallback Line_S6', 'Fallback Line_S5', 'Fallback Line_S4', 'Fallback Line_S3', 'Fallback Line_S2', 'Fallback Line_S1', 'Fallback Line_S0']"
L1,L1_A,09:00,09:53,15,53,35,"['Fallback Line_S0', 'Fallback Line_S1', 'Fallback Line_S2', 'Fallback Line_S3', 'Fallback Line_S4', 'Fallback Line_S5', 'Fallback Line_S6', 'Fallback Line_S7', 'Fallback Line_S8', 'Fallback Line_S9', 'Fallback Line_S10', 'Fallback Line_S11', 'Fallback Line_S12', 'Fallback Line_S13', 'Fallback Line_S14', 'Fallback Line_S15', 'Fallback Line_S16', 'Fallback Line_S17', 'Fallback Line_S18', 'Fallback Line_S19', 'Fallback Line_S20', 'Fallback Line_S21', 'Fallback Line_S22', 'Fallback Line_S23', 'Fallback Line_S24', 'Fallback Line_S25', 'Fallback Line_S26']"
L1,L1_B,09:00,09:53,15,53,35,"['Fallback Line_S26', 'Fallback Line_S25', 'Fallback Line_S24', 'Fallback Line_S23', 'Fallback Line_S22', 'Fallback Line_S21', 'Fallback Line_S20', 'Fallback Line_S19', 'Fallback Line_S18', 'Fallback Line_S17', 'Fallback Line_S16', 'Fallback Line_S15', 'Fallback Line_S14', 'Fallback Line_S13', 'Fallback Line_S12', 'Fallback Line_S11', 'Fallback Line_S10', 'Fallback Line_S9', 'Fallback Line_S8', 'Fallback Line_S7', 'Fallback Line_S6', 'Fallback Line_S5', 'Fallback Line_S4', 'Fallback Line_S3', 'Fallback Line_S2', 'Fallback Line_S1', 'Fallback Line_S0']"
L1,L1_A,09:15,10:08,15,53,35,"['Fallback Line_S0', 'Fallback Line_S1', 'Fallback Line_S2', 'Fallback Line_S3', 'Fallback Line_S4', 'Fallback Line_S5', 'Fallback Line_S6', 'Fallback Line_S7', 'Fallback Line_S8', 'Fallback Line_S9', 'Fallback Line_S10', 'Fallback Line_S11', 'Fallback Line_S12', 'Fallback Line_S13', 'Fallback Line_S14', 'Fallback Line_S15', 'Fallback Line_S16', 'Fallback Line_S17', 'Fallback Line_S18', 'Fallback Line_S19', 'Fallback Line_S20', 'Fallback Line_S21', 'Fallback Line_S22', 'Fallback Line_S23', 'Fallback Line_S24', 'Fallback Line_S25', 'Fallback Line_S26']"
L1,L1_B,09:15,10:08,15,53,35,"['Fallback Line_S26', 'Fallback Line_S25', 'Fallback Line_S24', 'Fallback Line_S23', 'Fallback Line_S22', 'Fallback Line_S21', 'Fallback Line_S20', 'Fallback Line_S19', 'Fallback Line_S18', 'Fallback Line_S17', 'Fallback Line_S16', 'Fallback Line_S15', 'Fallback Line_S14', 'Fallback Line_S13', 'Fallback Line_S12', 'Fallback Line_S11', 'Fallback Line_S10', 'Fallback Line_S9', 'Fallback Line_S8', 'Fallback Line_S7', 'Fallback Line_S6', 'Fallback Line_S5', 'Fallback Line_S4', 'Fallback Line_S3', 'Fallback Line_S2', 'Fallback Line_S1', 'Fallback Line_S0']"
L1,L1_A,09:30,10:23,15,53,35,"['Fallback Line_S0', 'Fallback Line_S1', 'Fallback Line_S2', 'Fallback Line_S3', 'Fallback Line_S4', 'Fallback Line_S5', 'Fallback Line_S6', 'Fallback Line_S7', 'Fallback Line_S8', 'Fallback Line_S9', 'Fallback Line_S10', 'Fallback Line_S11', 'Fallback Line_S12', 'Fallback Line_S13', 'Fallback Line_S14', 'Fallback Line_S15', 'Fallback Line_S16', 'Fallback Line_S17', 'Fallback Line_S18', 'Fallback Line_S19', 'Fallback Line_S20', 'Fallback Line_S21', 'Fallback Line_S22', 'Fallback Line_S23', 'Fallback Line_S24', 'Fallback Line_S25', 'Fallback Line_S26']"
L1,L1_B,09:30,10:23,15,53,35,"['Fallback Line_S26', 'Fallback Line_S25', 'Fallback Line_S24', 'Fallback Line_S23', 'Fallback Line_S22', 'Fallback Line_S21', 'Fallback Line_S20', 'Fallback Line_S19', 'Fallback Line_S18', 'Fallback Line_S17', 'Fallback Line_S16', 'Fallback Line_S15', 'Fallback Line_S14', 'Fallback Line_S13', 'Fallback Line_S12', 'Fallback Line_S11', 'Fallback Line_S10', 'Fallback Line_S9', 'Fallback Line_S8', 'Fallback Line_S7', 'Fallback Line_S6', 'Fallback Line_S5', 'Fallback Line_S4', 'Fallback Line_S3', 'Fallback Line_S2', 'Fallback Line_S1', 'Fallback Line_S0']"
L1,L1_A,09:45,10:38,15,53,35,"['Fallback Line_S0', 'Fallback Line_S1', 'Fallback Line_S2', 'Fallback Line_S3', 'Fallback Line_S4', 'Fallback Line_S5', 'Fallback Line_S6', 'Fallback Line_S7', 'Fallback Line_S8', 'Fallback Line_S9', 'Fallback Line_S10', 'Fallback Line_S11', 'Fallback Line_S12', 'Fallback Line_S13', 'Fallback Line_S14', 'Fallback Line_S15', 'Fallback Line_S16', 'Fallback Line_S17', 'Fallback Line_S18', 'Fallback Line_S19', 'Fallback Line_S20', 'Fallback Line_S21', 'Fallback Line_S22', 'Fallback Line_S23', 'Fallback Line_S24', 'Fallback Line_S25', 'Fallback Line_S26']"
L1,L1_B,09:45,10:38,15,53,35,"['Fallback Line_S26', 'Fallback Line_S25', 'Fallback Line_S24', 'Fallback Line_S23', 'Fallback Line_S22', 'Fallback Line_S21', 'Fallback Line_S20', 'Fallback Line_S19', 'Fallback Line_S18', 'Fallback Line_S17', 'Fallback Line_S16', 'Fallback Line_S15', 'Fallback Line_S14', 'Fallback Line_S13', 'Fallback Line_S12', 'Fallback Line_S11', 'Fallback Line_S10', 'Fallback Line_S9', 'Fallback Line_S8', 'Fallback Line_S7', 'Fallback Line_S6', 'Fallback Line_S5', 'Fallback Line_S4', 'Fallback Line_S3', 'Fallback Line_S2', 'Fallback Line_S1', 'Fallback Line_S0']"
L1,L1_A,10:00,10:53,15,53,35,"['Fallback Line_S0', 'Fallback Line_S1', 'Fallback Line_S2', 'Fallback Line_S3', 'Fallback Line_S4', 'Fallback Line_S5', 'Fallback Line_S6', 'Fallback Line_S7', 'Fallback Line_S8', 'Fallback Line_S9', 'Fallback Line_S10', 'Fallback Line_S11', 'Fallback Line_S12', 'Fallback Line_S13', 'Fallback Line_S14', 'Fallback Line_S15', 'Fallback Line_S16', 'Fallback Line_S17', 'Fallback Line_S18', 'Fallback Line_S19', 'Fallback Line_S20', 'Fallback Line_S21', 'Fallback Line_S22', 'Fallback Line_S23', 'Fallback Line_S24', 'Fallback Line_S25', 'Fallback Line_S26']"
L1,L1_B,10:00,10:53,15,53,35,"['Fallback Line_S26', 'Fallback Line_S25', 'Fallback Line_S24', 'Fallback Line_S23', 'Fallback Line_S22', 'Fallback Line_S21', 'Fallback Line_S20', 'Fallback Line_S19', 'Fallback Line_S18', 'Fallback Line_S17', 'Fallback Line_S16', 'Fallback Line_S15', 'Fallback Line_S14', 'Fallback Line_S13', 'Fallback Line_S12', 'Fallback Line_S11', 'Fallback Line_S10', 'Fallback Line_S9', 'Fallback Line_S8', 'Fallback Line_S7', 'Fallback Line_S6', 'Fallback Line_S5', 'Fallback Line_S4', 'Fallback Line_S3', 'Fallback Line_S2', 'Fallback Line_S1', 'Fallback Line_S0']"
L1,L1_A,10:15,11:08,15,53,35,"['Fallback Line_S0', 'Fallback Line_S1', 'Fallback Line_S2', 'Fallback Line_S3', 'Fallback Line_S4', 'Fallback Line_S5', 'Fallback Line_S6', 'Fallback Line_S7', 'Fallback Line_S8', 'Fallback Line_S9', 'Fallback Line_S10', 'Fallback Line_S11', 'Fallback Line_S12', 'Fallback Line_S13', 'Fallback Line_S14', 'Fallback Line_S15', 'Fallback Line_S16', 'Fallback Line_S17', 'Fallback Line_S18', 'Fallback Line_S19', 'Fallback Line_S20', 'Fallback Line_S21', 'Fallback Line_S22', 'Fallback Line_S23', 'Fallback Line_S24', 'Fallback Line_S25', 'Fallback Line_S26']"
L1,L1_B,10:15,11:08,15,53,35,"['Fallback Line_S26', 'Fallback Line_S25', 'Fallback Line_S24', 'Fallback Line_S23', 'Fallback Line_S22', 'Fallback Line_S21', 'Fallback Line_S20', 'Fallback Line_S19', 'Fallback Line_S18', 'Fallback Line_S17', 'Fallback Line_S16', 'Fallback Line_S15', 'Fallback Line_S14', 'Fallback Line_S13', 'Fallback Line_S12', 'Fallback Line_S11', 'Fallback Line_S10', 'Fallback Line_S9', 'Fallback Line_S8', 'Fallback Line_S7', 'Fallback Line_S6', 'Fallback Line_S5', 'Fallback Line_S4', 'Fallback Line_S3', 'Fallback Line_S2', 'Fallback Line_S1', 'Fallback Line_S0']"
L1,L1_A,10:30,11:23,15,53,35,"['Fallback Line_S0', 'Fallback Line_S1', 'Fallback Line_S2', 'Fallback Line_S3', 'Fallback Line_S4', 'Fallback Line_S5', 'Fallback Line_S6', 'Fallback Line_S7', 'Fallback Line_S8', 'Fallback Line_S9', 'Fallback Line_S10', 'Fallback Line_S11', 'Fallback Line_S12', 'Fallback Line_S13', 'Fallback Line_S14', 'Fallback Line_S15', 'Fallback Line_S16', 'Fallback Line_S17', 'Fallback Line_S18', 'Fallback Line_S19', 'Fallback Line_S20', 'Fallback Line_S21', 'Fallback Line_S22', 'Fallback Line_S23', 'Fallback Line_S24', 'Fallback Line_S25', 'Fallback Line_S26']"
L1,L1_B,10:30,11:23,15,53,35,"['Fallback Line_S26', 'Fallback Line_S25', 'Fallback Line_S24', 'Fallback Line_S23', 'Fallback Line_S22', 'Fallback Line_S21', 'Fallback Line_S20', 'Fallback Line_S19', 'Fallback Line_S18', 'Fallback Line_S17', 'Fallback Line_S16', 'Fallback Line_S15', 'Fallback Line_S14', 'Fallback Line_S13', 'Fallback Line_S12', 'Fallback Line_S11', 'Fallback Line_S10', 'Fallback Line_S9', 'Fallback Line_S8', 'Fallback Line_S7', 'Fallback Line_S6', 'Fallback Line_S5', 'Fallback Line_S4', 'Fallback Line_S3', 'Fallback Line_S2', 'Fallback Line_S1', 'Fallback Line_S0']"
L1,L1_A,10:45,11:38,15,53,35,"['Fallback Line_S0', 'Fallback Line_S1', 'Fallback Line_S2', 'Fallback Line_S3', 'Fallback Line_S4', 'Fallback Line_S5', 'Fallback Line_S6', 'Fallback Line_S7', 'Fallback Line_S8', 'Fallback Line_S9', 'Fallback Line_S10', 'Fallback Line_S11', 'Fallback Line_S12', 'Fallback Line_S13', 'Fallback Line_S14', 'Fallback Line_S15', 'Fallback Line_S16', 'Fallback Line_S17', 'Fallback Line_S18', 'Fallback Line_S19', 'Fallback Line_S20', 'Fallback Line_S21', 'Fallback Line_S22', 'Fallback Line_S23', 'Fallback Line_S24', 'Fallback Line_S25', 'Fallback Line_S26']"
L1,L1_B,10:45,11:38,15,53,35,"['Fallback Line_S26', 'Fallback Line_S25', 'Fallback Line_S24', 'Fallback Line_S23', 'Fallback Line_S22', 'Fallback Line_S21', 'Fallback Line_S20', 'Fallback Line_S19', 'Fallback Line_S18', 'Fallback Line_S17', 'Fallback Line_S16', 'Fallback Line_S15', 'Fallback Line_S14', 'Fallback Line_S13', 'Fallback Line_S12', 'Fallback Line_S11', 'Fallback Line_S10', 'Fallback Line_S9', 'Fallback Line_S8', 'Fallback Line_S7', 'Fallback Line_S6', 'Fallback Line_S5', 'Fallback Line_S4', 'Fallback Line_S3', 'Fallback Line_S2', 'Fallback Line_S1', 'Fallback Line_S0']"
L1,L1_A,11:00,11:53,15,53,35,"['Fallback Line_S0', 'Fallback Line_S1', 'Fallback Line_S2', 'Fallback Line_S3', 'Fallback Line_S4', 'Fallback Line_S5', 'Fallback Line_S6', 'Fallback Line_S7', 'Fallback Line_S8', 'Fallback Line_S9', 'Fallback Line_S10', 'Fallback Line_S11', 'Fallback Line_S12', 'Fallback Line_S13', 'Fallback Line_S14', 'Fallback Line_S15', 'Fallback Line_S16', 'Fallback Line_S17', 'Fallback Line_S18', 'Fallback Line_S19', 'Fallback Line_S20', 'Fallback Line_S21', 'Fallback Line_S22', 'Fallback Line_S23', 'Fallback Line_S24', 'Fallback Line_S25', 'Fallback Line_S26']"
L1,L1_B,11:00,11:53,15,53,35,"['Fallback Line_S26', 'Fallback Line_S25', 'Fallback Line_S24', 'Fallback Line_S23', 'Fallback Line_S22', 'Fallback Line_S21', 'Fallback Line_S20', 'Fallback Line_S19', 'Fallback Line_S18', 'Fallback Line_S17', 'Fallback Line_S16', 'Fallback Line_S15', 'Fallback Line_S14', 'Fallback Line_S13', 'Fallback Line_S12', 'Fallback Line_S11', 'Fallback Line_S10', 'Fallback Line_S9', 'Fallback Line_S8', 'Fallback Line_S7', 'Fallback Line_S6', 'Fallback Line_S5', 'Fallback Line_S4', 'Fallback Line_S3', 'Fallback Line_S2', 'Fallback Line_S1', 'Fallback Line_S0']"
L1,L1_A,11:15,12:08,15,53,35,"['Fallback Line_S0', 'Fallback Line_S1', 'Fallback Line_S2', 'Fallback Line_S3', 'Fallback Line_S4', 'Fallback Line_S5', 'Fallback Line_S6', 'Fallback Line_S7', 'Fallback Line_S8', 'Fallback Line_S9', 'Fallback Line_S10', 'Fallback Line_S11', 'Fallback Line_S12', 'Fallback Line_S13', 'Fallback Line_S14', 'Fallback Line_S15', 'Fallback Line_S16', 'Fallback Line_S17', 'Fallback Line_S18', 'Fallback Line_S19', 'Fallback Line_S20', 'Fallback Line_S21', 'Fallback Line_S22', 'Fallback Line_S23', 'Fallback Line_S24', 'Fallback Line_S25', 'Fallback Line_S26']"
L1,L1_B,11:15,12:08,15,53,35,"['Fallback Line_S26', 'Fallback Line_S25', 'Fallback Line_S24', 'Fallback Line_S23', 'Fallback Line_S22', 'Fallback Line_S21', 'Fallback Line_S20', 'Fallback Line_S19', 'Fallback Line_S18', 'Fallback Line_S17', 'Fallback Line_S16', 'Fallback Line_S15', 'Fallback Line_S14', 'Fallback Line_S13', 'Fallback Line_S12', 'Fallback Line_S11', 'Fallback Line_S10', 'Fallback Line_S9', 'Fallback Line_S8', 'Fallback Line_S7', 'Fallback Line_S6', 'Fallback Line_S5', 'Fallback Line_S4', 'Fallback Line_S3', 'Fallback Line_S2', 'Fallback Line_S1', 'Fallback Line_S0']"
L1,L1_A,11:30,12:23,15,53,35,"['Fallback Line_S0', 'Fallback Line_S1', 'Fallback Line_S2', 'Fallback Line_S3', 'Fallback Line_S4', 'Fallback Line_S5', 'Fallback Line_S6', 'Fallback Line_S7', 'Fallback Line_S8', 'Fallback Line_S9', 'Fallback Line_S10', 'Fallback Line_S11', 'Fallback Line_S12', 'Fallback Line_S13', 'Fallback Line_S14', 'Fallback Line_S15', 'Fallback Line_S16', 'Fallback Line_S17', 'Fallback Line_S18', 'Fallback Line_S19', 'Fallback Line_S20', 'Fallback Line_S21', 'Fallback Line_S22', 'Fallback Line_S23', 'Fallback Line_S24', 'Fallback Line_S25', 'Fallback Line_S26']"
L1,L1_B,11:30,12:23,15,53,35,"['Fallback Line_S26', 'Fallback Line_S25', 'Fallback Line_S24', 'Fallback Line_S23', 'Fallback Line_S22', 'Fallback Line_S21', 'Fallback Line_S20', 'Fallback Line_S19', 'Fallback Line_S18', 'Fallback Line_S17', 'Fallback Line_S16', 'Fallback Line_S15', 'Fallback Line_S14', 'Fallback Line_S13', 'Fallback Line_S12', 'Fallback Line_S11', 'Fallback Line_S10', 'Fallback Line_S9', 'Fallback Line_S8', 'Fallback Line_S7', 'Fallback Line_S6', 'Fallback Line_S5', 'Fallback Line_S4', 'Fallback Line_S3', 'Fallback Line_S2', 'Fallback Line_S1', 'Fallback Line_S0']"
L1,L1_A,11:45,12:38,15,53,35,"['Fallback Line_S0', 'Fallback Line_S1', 'Fallback Line_S2', 'Fallback Line_S3', 'Fallback Line_S4', 'Fallback Line_S5', 'Fallback Line_S6', 'Fallback Line_S7', 'Fallback Line_S8', 'Fallback Line_S9', 'Fallback Line_S10', 'Fallback Line_S11', 'Fallback Line_S12', 'Fallback Line_S13', 'Fallback Line_S14', 'Fallback Line_S15', 'Fallback Line_S16', 'Fallback Line_S17', 'Fallback Line_S18', 'Fallback Line_S19', 'Fallback Line_S20', 'Fallback Line_S21', 'Fallback Line_S22', 'Fallback Line_S23', 'Fallback Line_S24', 'Fallback Line_S25', 'Fallback Line_S26']"
L1,L1_B,11:45,12:38,15,53,35,"['Fallback Line_S26', 'Fallback Line_S25', 'Fallback Line_S24', 'Fallback Line_S23', 'Fallback Line_S22', 'Fallback Line_S21', 'Fallback Line_S20', 'Fallback Line_S19', 'Fallback Line_S18', 'Fallback Line_S17', 'Fallback Line_S16', 'Fallback Line_S15', 'Fallback Line_S14', 'Fallback Line_S13', 'Fallback Line_S12', 'Fallback Line_S11', 'Fallback Line_S10', 'Fallback Line_S9', 'Fallback Line_S8', 'Fallback Line_S7', 'Fallback Line_S6', 'Fallback Line_S5', 'Fallback Line_S4', 'Fallback Line_S3', 'Fallback Line_S2', 'Fallback Line_S1', 'Fallback Line_S0']"
L1,L1_A,12:00,12:53,15,53,35,"['Fallback Line_S0', 'Fallback Line_S1', 'Fallback Line_S2', 'Fallback Line_S3', 'Fallback Line_S4', 'Fallback Line_S5', 'Fallback Line_S6', 'Fallback Line_S7', 'Fallback Line_S8', 'Fallback Line_S9', 'Fallback Line_S10', 'Fallback Line_S11', 'Fallback Line_S12', 'Fallback Line_S13', 'Fallback Line_S14', 'Fallback Line_S15', 'Fallback Line_S16', 'Fallback Line_S17', 'Fallback Line_S18', 'Fallback Line_S19', 'Fallback Line_S20', 'Fallback Line_S21', 'Fallback Line_S22', 'Fallback Line_S23', 'Fallback Line_S24', 'Fallback Line_S25', 'Fallback Line_S26']"
L1,L1_B,12:00,12:53,15,53,35,"['Fallback Line_S26', 'Fallback Line_S25', 'Fallback Line_S24', 'Fallback Line_S23', 'Fallback Line_S22', 'Fallback Line_S21', 'Fallback Line_S20', 'Fallback Line_S19', 'Fallback Line_S18', 'Fallback Line_S17', 'Fallback Line_S16', 'Fallback Line_S15', 'Fallback Line_S14', 'Fallback Line_S13', 'Fallback Line_S12', 'Fallback Line_S11', 'Fallback Line_S10', 'Fallback Line_S9', 'Fallback Line_S8', 'Fallback Line_S7', 'Fallback Line_S6', 'Fallback Line_S5', 'Fallback Line_S4', 'Fallback Line_S3', 'Fallback Line_S2', 'Fallback Line_S1', 'Fallback Line_S0']"
L1,L1_A,12:15,13:08,15,53,35,"['Fallback Line_S0', 'Fallback Line_S1', 'Fallback Line_S2', 'Fallback Line_S3', 'Fallback Line_S4', 'Fallback Line_S5', 'Fallback Line_S6', 'Fallback Line_S7', 'Fallback Line_S8', 'Fallback Line_S9', 'Fallback Line_S10', 'Fallback Line_S11', 'Fallback Line_S12', 'Fallback Line_S13', 'Fallback Line_S14', 'Fallback Line_S15', 'Fallback Line_S16', 'Fallback Line_S17', 'Fallback Line_S18', 'Fallback Line_S19', 'Fallback Line_S20', 'Fallback Line_S21', 'Fallback Line_S22', 'Fallback Line_S23', 'Fallback Line_S24', 'Fallback Line_S25', 'Fallback Line_S26']"
L1,L1_B,12:15,13:08,15,53,35,"['Fallback Line_S26', 'Fallback Line_S25', 'Fallback Line_S24', 'Fallback Line_S23', 'Fallback Line_S22', 'Fallback Line_S21', 'Fallback Line_S20', 'Fallback Line_S19', 'Fallback Line_S18', 'Fallback Line_S17', 'Fallback Line_S16', 'Fallback Line_S15', 'Fallback Line_S14', 'Fallback Line_S13', 'Fallback Line_S12', 'Fallback Line_S11', 'Fallback Line_S10', 'Fallback Line_S9', 'Fallback Line_S8', 'Fallback Line_S7', 'Fallback Line_S6', 'Fallback Line_S5', 'Fallback Line_S4', 'Fallback Line_S3', 'Fallback Line_S2', 'Fallback Line_S1', 'Fallback Line_S0']"
L1,L1_A,12:30,13:23,15,53,35,"['Fallback Line_S0', 'Fallback Line_S1', 'Fallback Line_S2', 'Fallback Line_S3', 'Fallback Line_S4', 'Fallback Line_S5', 'Fallback Line_S6', 'Fallback Line_S7', 'Fallback Line_S8', 'Fallback Line_S9', 'Fallback Line_S10', 'Fallback Line_S11', 'Fallback Line_S12', 'Fallback Line_S13', 'Fallback Line_S14', 'Fallback Line_S15', 'Fallback Line_S16', 'Fallback Line_S17', 'Fallback Line_S18', 'Fallback Line_S19', 'Fallback Line_S20', 'Fallback Line_S21', 'Fallback Line_S22', 'Fallback Line_S23', 'Fallback Line_S24', 'Fallback Line_S25', 'Fallback Line_S26']"
L1,L1_B,12:30,13:23,15,53,35,"['Fallback Line_S26', 'Fallback Line_S25', 'Fallback Line_S24', 'Fallback Line_S23', 'Fallback Line_S22', 'Fallback Line_S21', 'Fallback Line_S20', 'Fallback Line_S19', 'Fallback Line_S18', 'Fallback Line_S17', 'Fallback Line_S16', 'Fallback Line_S15', 'Fallback Line_S14', 'Fallback Line_S13', 'Fallback Line_S12', 'Fallback Line_S11', 'Fallback Line_S10', 'Fallback Line_S9', 'Fallback Line_S8', 'Fallback Line_S7', 'Fallback Line_S6', 'Fallback Line_S5', 'Fallback Line_S4', 'Fallback Line_S3', 'Fallback Line_S2', 'Fallback Line_S1', 'Fallback Line_S0']"
L1,L1_A,12:45,13:38,15,53,35,"['Fallback Line_S0', 'Fallback Line_S1', 'Fallback Line_S2', 'Fallback Line_S3', 'Fallback Line_S4', 'Fallback Line_S5', 'Fallback Line_S6', 'Fallback Line_S7', 'Fallback Line_S8', 'Fallback Line_S9', 'Fallback Line_S10', 'Fallback Line_S11', 'Fallback Line_S12', 'Fallback Line_S13', 'Fallback Line_S14', 'Fallback Line_S15', 'Fallback Line_S16', 'Fallback Line_S17', 'Fallback Line_S18', 'Fallback Line_S19', 'Fallback Line_S20', 'Fallback Line_S21', 'Fallback Line_S22', 'Fallback Line_S23', 'Fallback Line_S24', 'Fallback Line_S25', 'Fallback Line_S26']"
L1,L1_B,12:45,13:38,15,53,35,"['Fallback Line_S26', 'Fallback Line_S25', 'Fallback Line_S24', 'Fallback Line_S23', 'Fallback Line_S22', 'Fallback Line_S21', 'Fallback Line_S20', 'Fallback Line_S19', 'Fallback Line_S18', 'Fallback Line_S17', 'Fallback Line_S16', 'Fallback Line_S15', 'Fallback Line_S14', 'Fallback Line_S13', 'Fallback Line_S12', 'Fallback Line_S11', 'Fallback Line_S10', 'Fallback Line_S9', 'Fallback Line_S8', 'Fallback Line_S7', 'Fallback Line_S6', 'Fallback Line_S5', 'Fallback Line_S4', 'Fallback Line_S3', 'Fallback Line_S2', 'Fallback Line_S1', 'Fallback Line_S0']"
L1,L1_A,13:00,13:53,15,53,35,"['Fallback Line_S0', 'Fallback Line_S1', 'Fallback Line_S2', 'Fallback Line_S3', 'Fallback Line_S4', 'Fallback Line_S5', 'Fallback Line_S6', 'Fallback Line_S7', 'Fallback Line_S8', 'Fallback Line_S9', 'Fallback Line_S10', 'Fallback Line_S11', 'Fallback Line_S12', 'Fallback Line_S13', 'Fallback Line_S14', 'Fallback Line_S15', 'Fallback Line_S16', 'Fallback Line_S17', 'Fallback Line_S18', 'Fallback Line_S19', 'Fallback Line_S20', 'Fallback Line_S21', 'Fallback Line_S22', 'Fallback Line_S23', 'Fallback Line_S24', 'Fallback Line_S25', 'Fallback Line_S26']"
L1,L1_B,13:00,13:53,15,53,35,"['Fallback Line_S26', 'Fallback Line_S25', 'Fallback Line_S24', 'Fallback Line_S23', 'Fallback Line_S22', 'Fallback Line_S21', 'Fallback Line_S20', 'Fallback Line_S19', 'Fallback Line_S18', 'Fallback Line_S17', 'Fallback Line_S16', 'Fallback Line_S15', 'Fallback Line_S14', 'Fallback Line_S13', 'Fallback Line_S12', 'Fallback Line_S11', 'Fallback Line_S10', 'Fallback Line_S9', 'Fallback Line_S8', 'Fallback Line_S7', 'Fallback Line_S6', 'Fallback Line_S5', 'Fallback Line_S4', 'Fallback Line_S3', 'Fallback Line_S2', 'Fallback Line_S1', 'Fallback Line_S0']"
L1,L1_A,13:15,14:08,15,53,35,"['Fallback Line_S0', 'Fallback Line_S1', 'Fallback Line_S2', 'Fallback Line_S3', 'Fallback Line_S4', 'Fallback Line_S5', 'Fallback Line_S6', 'Fallback Line_S7', 'Fallback Line_S8', 'Fallback Line_S9', 'Fallback Line_S10', 'Fallback Line_S11', 'Fallback Line_S12', 'Fallback Line_S13', 'Fallback Line_S14', 'Fallback Line_S15', 'Fallback Line_S16', 'Fallback Line_S17', 'Fallback Line_S18', 'Fallback Line_S19', 'Fallback Line_S20', 'Fallback Line_S21', 'Fallback Line_S22', 'Fallback Line_S23', 'Fallback Line_S24', 'Fallback Line_S25', 'Fallback Line_S26']"
L1,L1_B,13:15,14:08,15,53,35,"['Fallback Line_S26', 'Fallback Line_S25', 'Fallback Line_S24', 'Fallback Line_S23', 'Fallback Line_S22', 'Fallback Line_S21', 'Fallback Line_S20', 'Fallback Line_S19', 'Fallback Line_S18', 'Fallback Line_S17', 'Fallback Line_S16', 'Fallback Line_S15', 'Fallback Line_S14', 'Fallback Line_S13', 'Fallback Line_S12', 'Fallback Line_S11', 'Fallback Line_S10', 'Fallback Line_S9', 'Fallback Line_S8', 'Fallback Line_S7', 'Fallback Line_S6', 'Fallback Line_S5', 'Fallback Line_S4', 'Fallback Line_S3', 'Fallback Line_S2', 'Fallback Line_S1', 'Fallback Line_S0']"
L1,L1_A,13:30,14:23,15,53,35,"['Fallback Line_S0', 'Fallback Line_S1', 'Fallback Line_S2', 'Fallback Line_S3', 'Fallback Line_S4', 'Fallback Line_S5', 'Fallback Line_S6', 'Fallback Line_S7', 'Fallback Line_S8', 'Fallback Line_S9', 'Fallback Line_S10', 'Fallback Line_S11', 'Fallback Line_S12', 'Fallback Line_S13', 'Fallback Line_S14', 'Fallback Line_S15', 'Fallback Line_S16', 'Fallback Line_S17', 'Fallback Line_S18', 'Fallback Line_S19', 'Fallback Line_S20', 'Fallback Line_S21', 'Fallback Line_S22', 'Fallback Line_S23', 'Fallback Line_S24', 'Fallback Line_S25', 'Fallback Line_S26']"
L1,L1_B,13:30,14:23,15,53,35,"['Fallback Line_S26', 'Fallback Line_S25', 'Fallback Line_S24', 'Fallback Line_S23', 'Fallback Line_S22', 'Fallback Line_S21', 'Fallback Line_S20', 'Fallback Line_S19', 'Fallback Line_S18', 'Fallback Line_S17', 'Fallback Line_S16', 'Fallback Line_S15', 'Fallback Line_S14', 'Fallback Line_S13', 'Fallback Line_S12', 'Fallback Line_S11', 'Fallback Line_S10', 'Fallback Line_S9', 'Fallback Line_S8', 'Fallback Line_S7', 'Fallback Line_S6', 'Fallback Line_S5', 'Fallback Line_S4', 'Fallback Line_S3', 'Fallback Line_S2', 'Fallback Line_S1', 'Fallback Line_S0']"
L1,L1_A,13:45,14:38,15,53,35,"['Fallback Line_S0', 'Fallback Line_S1', 'Fallback Line_S2', 'Fallback Line_S3', 'Fallback Line_S4', 'Fallback Line_S5', 'Fallback Line_S6', 'Fallback Line_S7', 'Fallback Line_S8', 'Fallback Line_S9', 'Fallback Line_S10', 'Fallback Line_S11', 'Fallback Line_S12', 'Fallback Line_S13', 'Fallback Line_S14', 'Fallback Line_S15', 'Fallback Line_S16', 'Fallback Line_S17', 'Fallback Line_S18', 'Fallback Line_S19', 'Fallback Line_S20', 'Fallback Line_S21', 'Fallback Line_S22', 'Fallback Line_S23', 'Fallback Line_S24', 'Fallback Line_S25', 'Fallback Line_S26']"
L1,L1_B,13:45,14:38,15,53,35,"['Fallback Line_S26', 'Fallback Line_S25', 'Fallback Line_S24', 'Fallback Line_S23', 'Fallback Line_S22', 'Fallback Line_S21', 'Fallback Line_S20', 'Fallback Line_S19', 'Fallback Line_S18', 'Fallback Line_S17', 'Fallback Line_S16', 'Fallback Line_S15', 'Fallback Line_S14', 'Fallback Line_S13', 'Fallback Line_S12', 'Fallback Line_S11', 'Fallback Line_S10', 'Fallback Line_S9', 'Fallback Line_S8', 'Fallback Line_S7', 'Fallback Line_S6', 'Fallback Line_S5', 'Fallback Line_S4', 'Fallback Line_S3', 'Fallback Line_S2', 'Fallback Line_S1', 'Fallback Line_S0']"
L1,L1_A,14:00,14:53,15,53,35,"['Fallback Line_S0', 'Fallback Line_S1', 'Fallback Line_S2', 'Fallback Line_S3', 'Fallback Line_S4', 'Fallback Line_S5', 'Fallback Line_S6', 'Fallback Line_S7', 'Fallback Line_S8', 'Fallback Line_S9', 'Fallback Line_S10', 'Fallback Line_S11', 'Fallback Line_S12', 'Fallback Line_S13', 'Fallback Line_S14', 'Fallback Line_S15', 'Fallback Line_S16', 'Fallback Line_S17', 'Fallback Line_S18', 'Fallback Line_S19', 'Fallback Line_S20', 'Fallback Line_S21', 'Fallback Line_S22', 'Fallback Line_S23', 'Fallback Line_S24', 'Fallback Line_S25', 'Fallback Line_S26']"
L1,L1_B,14:00,14:53,15,53,35,"['Fallback Line_S26', 'Fallback Line_S25', 'Fallback Line_S24', 'Fallback Line_S23', 'Fallback Line_S22', 'Fallback Line_S21', 'Fallback Line_S20', 'Fallback Line_S19', 'Fallback Line_S18', 'Fallback Line_S17', 'Fallback Line_S16', 'Fallback Line_S15', 'Fallback Line_S14', 'Fallback Line_S13', 'Fallback Line_S12', 'Fallback Line_S11', 'Fallback Line_S10', 'Fallback Line_S9', 'Fallback Line_S8', 'Fallback Line_S7', 'Fallback Line_S6', 'Fallback Line_S5', 'Fallback Line_S4', 'Fallback Line_S3', 'Fallback Line_S2', 'Fallback Line_S1', 'Fallback Line_S0']"
L1,L1_A,14:15,15:08,15,53,35,"['Fallback Line_S0', 'Fallback Line_S1', 'Fallback Line_S2', 'Fallback Line_S3', 'Fallback Line_S4', 'Fallback Line_S5', 'Fallback Line_S6', 'Fallback Line_S7', 'Fallback Line_S8', 'Fallback Line_S9', 'Fallback Line_S10', 'Fallback Line_S11', 'Fallback Line_S12', 'Fallback Line_S13', 'Fallback Line_S14', 'Fallback Line_S15', 'Fallback Line_S16', 'Fallback Line_S17', 'Fallback Line_S18', 'Fallback Line_S19', 'Fallback Line_S20', 'Fallback Line_S21', 'Fallback Line_S22', 'Fallback Line_S23', 'Fallback Line_S24', 'Fallback Line_S25', 'Fallback Line_S26']"
L1,L1_B,14:15,15:08,15,53,35,"['Fallback Line_S26', 'Fallback Line_S25', 'Fallback Line_S24', 'Fallback Line_S23', 'Fallback Line_S22', 'Fallback Line_S21', 'Fallback Line_S20', 'Fallback Line_S19', 'Fallback Line_S18', 'Fallback Line_S17', 'Fallback Line_S16', 'Fallback Line_S15', 'Fallback Line_S14', 'Fallback Line_S13', 'Fallback Line_S12', 'Fallback Line_S11', 'Fallback Line_S10', 'Fallback Line_S9', 'Fallback Line_S8', 'Fallback Line_S7', 'Fallback Line_S6', 'Fallback Line_S5', 'Fallback Line_S4', 'Fallback Line_S3', 'Fallback Line_S2', 'Fallback Line_S1', 'Fallback Line_S0']"
L1,L1_A,14:30,15:23,15,53,35,"['Fallback Line_S0', 'Fallback Line_S1', 'Fallback Line_S2', 'Fallback Line_S3', 'Fallback Line_S4', 'Fallback Line_S5', 'Fallback Line_S6', 'Fallback Line_S7', 'Fallback Line_S8', 'Fallback Line_S9', 'Fallback Line_S10', 'Fallback Line_S11', 'Fallback Line_S12', 'Fallback Line_S13', 'Fallback Line_S14', 'Fallback Line_S15', 'Fallback Line_S16', 'Fallback Line_S17', 'Fallback Line_S18', 'Fallback Line_S19', 'Fallback Line_S20', 'Fallback Line_S21', 'Fallback Line_S22', 'Fallback Line_S23', 'Fallback Line_S24', 'Fallback Line_S25', 'Fallback Line_S26']"
L1,L1_B,14:30,15:23,15,53,35,"['Fallback Line_S26', 'Fallback Line_S25', 'Fallback Line_S24', 'Fallback Line_S23', 'Fallback Line_S22', 'Fallback Line_S21', 'Fallback Line_S20', 'Fallback Line_S19', 'Fallback Line_S18', 'Fallback Line_S17', 'Fallback Line_S16', 'Fallback Line_S15', 'Fallback Line_S14', 'Fallback Line_S13', 'Fallback Line_S12', 'Fallback Line_S11', 'Fallback Line_S10', 'Fallback Line_S9', 'Fallback Line_S8', 'Fallback Line_S7', 'Fallback Line_S6', 'Fallback Line_S5', 'Fallback Line_S4', 'Fallback Line_S3', 'Fallback Line_S2', 'Fallback Line_S1', 'Fallback Line_S0']"
L1,L1_A,14:45,15:38,15,53,35,"['Fallback Line_S0', 'Fallback Line_S1', 'Fallback Line_S2', 'Fallback Line_S3', 'Fallback Line_S4', 'Fallback Line_S5', 'Fallback Line_S6', 'Fallback Line_S7', 'Fallback Line_S8', 'Fallback Line_S9', 'Fallback Line_S10', 'Fallback Line_S11', 'Fallback Line_S12', 'Fallback Line_S13', 'Fallback Line_S14', 'Fallback Line_S15', 'Fallback Line_S16', 'Fallback Line_S17', 'Fallback Line_S18', 'Fallback Line_S19', 'Fallback Line_S20', 'Fallback Line_S21', 'Fallback Line_S22', 'Fallback Line_S23', 'Fallback Line_S24', 'Fallback Line_S25', 'Fallback Line_S26']"
L1,L1_B,14:45,15:38,15,53,35,"['Fallback Line_S26', 'Fallback Line_S25', 'Fallback Line_S24', 'Fallback Line_S23', 'Fallback Line_S22', 'Fallback Line_S21', 'Fallback Line_S20', 'Fallback Line_S19', 'Fallback Line_S18', 'Fallback Line_S17', 'Fallback Line_S16', 'Fallback Line_S15', 'Fallback Line_S14', 'Fallback Line_S13', 'Fallback Line_S12', 'Fallback Line_S11', 'Fallback Line_S10', 'Fallback Line_S9', 'Fallback Line_S8', 'Fallback Line_S7', 'Fallback Line_S6', 'Fallback Line_S5', 'Fallback Line_S4', 'Fallback Line_S3', 'Fallback Line_S2', 'Fallback Line_S1', 'Fallback Line_S0']"
L1,L1_A,15:00,15:53,15,53,35,"['Fallback Line_S0', 'Fallback Line_S1', 'Fallback Line_S2', 'Fallback Line_S3', 'Fallback Line_S4', 'Fallback Line_S5', 'Fallback Line_S6', 'Fallback Line_S7', 'Fallback Line_S8', 'Fallback Line_S9', 'Fallback Line_S10', 'Fallback Line_S11', 'Fallback Line_S12', 'Fallback Line_S13', 'Fallback Line_S14', 'Fallback Line_S15', 'Fallback Line_S16', 'Fallback Line_S17', 'Fallback Line_S18', 'Fallback Line_S19', 'Fallback Line_S20', 'Fallback Line_S21', 'Fallback Line_S22', 'Fallback Line_S23', 'Fallback Line_S24', 'Fallback Line_S25', 'Fallback Line_S26']"
L1,L1_B,15:00,15:53,15,53,35,"['Fallback Line_S26', 'Fallback Line_S25', 'Fallback Line_S24', 'Fallback Line_S23', 'Fallback Line_S22', 'Fallback Line_S21', 'Fallback Line_S20', 'Fallback Line_S19', 'Fallback Line_S18', 'Fallback Line_S17', 'Fallback Line_S16', 'Fallback Line_S15', 'Fallback Line_S14', 'Fallback Line_S13', 'Fallback Line_S12', 'Fallback Line_S11', 'Fallback Line_S10', 'Fallback Line_S9', 'Fallback Line_S8', 'Fallback Line_S7', 'Fallback Line_S6', 'Fallback Line_S5', 'Fallback Line_S4', 'Fallback Line_S3', 'Fallback Line_S2', 'Fallback Line_S1', 'Fallback Line_S0']"
L1,L1_A,15:15,16:08,15,53,35,"['Fallback Line_S0', 'Fallback Line_S1', 'Fallback Line_S2', 'Fallback Line_S3', 'Fallback Line_S4', 'Fallback Line_S5', 'Fallback Line_S6', 'Fallback Line_S7', 'Fallback Line_S8', 'Fallback Line_S9', 'Fallback Line_S10', 'Fallback Line_S11', 'Fallback Line_S12', 'Fallback Line_S13', 'Fallback Line_S14', 'Fallback Line_S15', 'Fallback Line_S16', 'Fallback Line_S17', 'Fallback Line_S18', 'Fallback Line_S19', 'Fallback Line_S20', 'Fallback Line_S21', 'Fallback Line_S22', 'Fallback Line_S23', 'Fallback Line_S24', 'Fallback Line_S25', 'Fallback Line_S26']"
L1,L1_B,15:15,16:08,15,53,35,"['Fallback Line_S26', 'Fallback Line_S25', 'Fallback Line_S24', 'Fallback Line_S23', 'Fallback Line_S22', 'Fallback Line_S21', 'Fallback Line_S20', 'Fallback Line_S19', 'Fallback Line_S18', 'Fallback Line_S17', 'Fallback Line_S16', 'Fallback Line_S15', 'Fallback Line_S14', 'Fallback Line_S13', 'Fallback Line_S12', 'Fallback Line_S11', 'Fallback Line_S10', 'Fallback Line_S9', 'Fallback Line_S8', 'Fallback Line_S7', 'Fallback Line_S6', 'Fallback Line_S5', 'Fallback Line_S4', 'Fallback Line_S3', 'Fallback Line_S2', 'Fallback Line_S1', 'Fallback Line_S0']"
L1,L1_A,15:30,16:23,15,53,35,"['Fallback Line_S0', 'Fallback Line_S1', 'Fallback Line_S2', 'Fallback Line_S3', 'Fallback Line_S4', 'Fallback Line_S5', 'Fallback Line_S6', 'Fallback Line_S7', 'Fallback Line_S8', 'Fallback Line_S9', 'Fallback Line_S10', 'Fallback Line_S11', 'Fallback Line_S12', 'Fallback Line_S13', 'Fallback Line_S14', 'Fallback Line_S15', 'Fallback Line_S16', 'Fallback Line_S17', 'Fallback Line_S18', 'Fallback Line_S19', 'Fallback Line_S20', 'Fallback Line_S21', 'Fallback Line_S22', 'Fallback Line_S23', 'Fallback Line_S24', 'Fallback Line_S25', 'Fallback Line_S26']"
L1,L1_B,15:30,16:23,15,53,35,"['Fallback Line_S26', 'Fallback Line_S25', 'Fallback Line_S24', 'Fallback Line_S23', 'Fallback Line_S22', 'Fallback Line_S21', 'Fallback Line_S20', 'Fallback Line_S19', 'Fallback Line_S18', 'Fallback Line_S17', 'Fallback Line_S16', 'Fallback Line_S15', 'Fallback Line_S14', 'Fallback Line_S13', 'Fallback Line_S12', 'Fallback Line_S11', 'Fallback Line_S10', 'Fallback Line_S9', 'Fallback Line_S8', 'Fallback Line_S7', 'Fallback Line_S6', 'Fallback Line_S5', 'Fallback Line_S4', 'Fallback Line_S3', 'Fallback Line_S2', 'Fallback Line_S1', 'Fallback Line_S0']"
L1,L1_A,15:45,16:38,15,53,35,"['Fallback Line_S0', 'Fallback Line_S1', 'Fallback Line_S2', 'Fallback Line_S3', 'Fallback Line_S4', 'Fallback Line_S5', 'Fallback Line_S6', 'Fallback Line_S7', 'Fallback Line_S8', 'Fallback Line_S9', 'Fallback Line_S10', 'Fallback Line_S11', 'Fallback Line_S12', 'Fallback Line_S13', 'Fallback Line_S14', 'Fallback Line_S15', 'Fallback Line_S16', 'Fallback Line_S17', 'Fallback Line_S18', 'Fallback Line_S19', 'Fallback Line_S20', 'Fallback Line_S21', 'Fallback Line_S22', 'Fallback Line_S23', 'Fallback Line_S24', 'Fallback Line_S25', 'Fallback Line_S26']"
L1,L1_B,15:45,16:38,15,53,35,"['Fallback Line_S26', 'Fallback Line_S25', 'Fallback Line_S24', 'Fallback Line_S23', 'Fallback Line_S22', 'Fallback Line_S21', 'Fallback Line_S20', 'Fallback Line_S19', 'Fallback Line_S18', 'Fallback Line_S17', 'Fallback Line_S16', 'Fallback Line_S15', 'Fallback Line_S14', 'Fallback Line_S13', 'Fallback Line_S12', 'Fallback Line_S11', 'Fallback Line_S10', 'Fallback Line_S9', 'Fallback Line_S8', 'Fallback Line_S7', 'Fallback Line_S6', 'Fallback Line_S5', 'Fallback Line_S4', 'Fallback Line_S3', 'Fallback Line_S2', 'Fallback Line_S1', 'Fallback Line_S0']"
L1,L1_A,16:00,16:53,15,53,35,"['Fallback Line_S0', 'Fallback Line_S1', 'Fallback Line_S2', 'Fallback Line_S3', 'Fallback Line_S4', 'Fallback Line_S5', 'Fallback Line_S6', 'Fallback Line_S7', 'Fallback Line_S8', 'Fallback Line_S9', 'Fallback Line_S10', 'Fallback Line_S11', 'Fallback Line_S12', 'Fallback Line_S13', 'Fallback Line_S14', 'Fallback Line_S15', 'Fallback Line_S16', 'Fallback Line_S17', 'Fallback Line_S18', 'Fallback Line_S19', 'Fallback Line_S20', 'Fallback Line_S21', 'Fallback Line_S22', 'Fallback Line_S23', 'Fallback Line_S24', 'Fallback Line_S25', 'Fallback Line_S26']"
L1,L1_B,16:00,16:53,15,53,35,"['Fallback Line_S26', 'Fallback Line_S25', 'Fallback Line_S24', 'Fallback Line_S23', 'Fallback Line_S22', 'Fallback Line_S21', 'Fallback Line_S20', 'Fallback Line_S19', 'Fallback Line_S18', 'Fallback Line_S17', 'Fallback Line_S16', 'Fallback Line_S15', 'Fallback Line_S14', 'Fallback Line_S13', 'Fallback Line_S12', 'Fallback Line_S11', 'Fallback Line_S10', 'Fallback Line_S9', 'Fallback Line_S8', 'Fallback Line_S7', 'Fallback Line_S6', 'Fallback Line_S5', 'Fallback Line_S4', 'Fallback Line_S3', 'Fallback Line_S2', 'Fallback Line_S1', 'Fallback Line_S0']"
L1,L1_A,16:15,17:08,15,53,35,"['Fallback Line_S0', 'Fallback Line_S1', 'Fallback Line_S2', 'Fallback Line_S3', 'Fallback Line_S4', 'Fallback Line_S5', 'Fallback Line_S6', 'Fallback Line_S7', 'Fallback Line_S8', 'Fallback Line_S9', 'Fallback Line_S10', 'Fallback Line_S11', 'Fallback Line_S12', 'Fallback Line_S13', 'Fallback Line_S14', 'Fallback Line_S15', 'Fallback Line_S16', 'Fallback Line_S17', 'Fallback Line_S18', 'Fallback Line_S19', 'Fallback Line_S20', 'Fallback Line_S21', 'Fallback Line_S22', 'Fallback Line_S23', 'Fallback Line_S24', 'Fallback Line_S25', 'Fallback Line_S26']"
L1,L1_B,16:15,17:08,15,53,35,"['Fallback Line_S26', 'Fallback Line_S25', 'Fallback Line_S24', 'Fallback Line_S23', 'Fallback Line_S22', 'Fallback Line_S21', 'Fallback Line_S20', 'Fallback Line_S19', 'Fallback Line_S18', 'Fallback Line_S17', 'Fallback Line_S16', 'Fallback Line_S15', 'Fallback Line_S14', 'Fallback Line_S13', 'Fallback Line_S12', 'Fallback Line_S11', 'Fallback Line_S10', 'Fallback Line_S9', 'Fallback Line_S8', 'Fallback Line_S7', 'Fallback Line_S6', 'Fallback Line_S5', 'Fallback Line_S4', 'Fallback Line_S3', 'Fallback Line_S2', 'Fallback Line_S1', 'Fallback Line_S0']"
L1,L1_A,16:30,17:23,15,53,35,"['Fallback Line_S0', 'Fallback Line_S1', 'Fallback Line_S2', 'Fallback Line_S3', 'Fallback Line_S4', 'Fallback Line_S5', 'Fallback Line_S6', 'Fallback Line_S7', 'Fallback Line_S8', 'Fallback Line_S9', 'Fallback Line_S10', 'Fallback Line_S11', 'Fallback Line_S12', 'Fallback Line_S13', 'Fallback Line_S14', 'Fallback Line_S15', 'Fallback Line_S16', 'Fallback Line_S17', 'Fallback Line_S18', 'Fallback Line_S19', 'Fallback Line_S20', 'Fallback Line_S21', 'Fallback Line_S22', 'Fallback Line_S23', 'Fallback Line_S24', 'Fallback Line_S25', 'Fallback Line_S26']"
L1,L1_B,16:30,17:23,15,53,35,"['Fallback Line_S26', 'Fallback Line_S25', 'Fallback Line_S24', 'Fallback Line_S23', 'Fallback Line_S22', 'Fallback Line_S21', 'Fallback Line_S20', 'Fallback Line_S19', 'Fallback Line_S18', 'Fallback Line_S17', 'Fallback Line_S16', 'Fallback Line_S15', 'Fallback Line_S14', 'Fallback Line_S13', 'Fallback Line_S12', 'Fallback Line_S11', 'Fallback Line_S10', 'Fallback Line_S9', 'Fallback Line_S8', 'Fallback Line_S7', 'Fallback Line_S6', 'Fallback Line_S5', 'Fallback Line_S4', 'Fallback Line_S3', 'Fallback Line_S2', 'Fallback Line_S1', 'Fallback Line_S0']"
L1,L1_A,16:45,17:38,15,53,35,"['Fallback Line_S0', 'Fallback Line_S1', 'Fallback Line_S2', 'Fallback Line_S3', 'Fallback Line_S4', 'Fallback Line_S5', 'Fallback Line_S6', 'Fallback Line_S7', 'Fallback Line_S8', 'Fallback Line_S9', 'Fallback Line_S10', 'Fallback Line_S11', 'Fallback Line_S12', 'Fallback Line_S13', 'Fallback Line_S14', 'Fallback Line_S15', 'Fallback Line_S16', 'Fallback Line_S17', 'Fallback Line_S18', 'Fallback Line_S19', 'Fallback Line_S20', 'Fallback Line_S21', 'Fallback Line_S22', 'Fallback Line_S23', 'Fallback Line_S24', 'Fallback Line_S25', 'Fallback Line_S26']"
L1,L1_B,16:45,17:38,15,53,35,"['Fallback Line_S26', 'Fallback Line_S25', 'Fallback Line_S24', 'Fallback Line_S23', 'Fallback Line_S22', 'Fallback Line_S21', 'Fallback Line_S20', 'Fallback Line_S19', 'Fallback Line_S18', 'Fallback Line_S17', 'Fallback Line_S16', 'Fallback Line_S15', 'Fallback Line_S14', 'Fallback Line_S13', 'Fallback Line_S12', 'Fallback Line_S11', 'Fallback Line_S10', 'Fallback Line_S9', 'Fallback Line_S8', 'Fallback Line_S7', 'Fallback Line_S6', 'Fallback Line_S5', 'Fallback Line_S4', 'Fallback Line_S3', 'Fallback Line_S2', 'Fallback Line_S1', 'Fallback Line_S0']"
L1,L1_A,17:00,17:53,15,53,35,"['Fallback Line_S0', 'Fallback Line_S1', 'Fallback Line_S2', 'Fallback Line_S3', 'Fallback Line_S4', 'Fallback Line_S5', 'Fallback Line_S6', 'Fallback Line_S7', 'Fallback Line_S8', 'Fallback Line_S9', 'Fallback Line_S10', 'Fallback Line_S11', 'Fallback Line_S12', 'Fallback Line_S13', 'Fallback Line_S14', 'Fallback Line_S15', 'Fallback Line_S16', 'Fallback Line_S17', 'Fallback Line_S18', 'Fallback Line_S19', 'Fallback Line_S20', 'Fallback Line_S21', 'Fallback Line_S22', 'Fallback Line_S23', 'Fallback Line_S24', 'Fallback Line_S25', 'Fallback Line_S26']"
L1,L1_B,17:00,17:53,15,53,35,"['Fallback Line_S26', 'Fallback Line_S25', 'Fallback Line_S24', 'Fallback Line_S23', 'Fallback Line_S22', 'Fallback Line_S21', 'Fallback Line_S20', 'Fallback Line_S19', 'Fallback Line_S18', 'Fallback Line_S17', 'Fallback Line_S16', 'Fallback Line_S15', 'Fallback Line_S14', 'Fallback Line_S13', 'Fallback Line_S12', 'Fallback Line_S11', 'Fallback Line_S10', 'Fallback Line_S9', 'Fallback Line_S8', 'Fallback Line_S7', 'Fallback Line_S6', 'Fallback Line_S5', 'Fallback Line_S4', 'Fallback Line_S3', 'Fallback Line_S2', 'Fallback Line_S1', 'Fallback Line_S0']"
L1,L1_A,17:15,18:08,15,53,35,"['Fallback Line_S0', 'Fallback Line_S1', 'Fallback Line_S2', 'Fallback Line_S3', 'Fallback Line_S4', 'Fallback Line_S5', 'Fallback Line_S6', 'Fallback Line_S7', 'Fallback Line_S8', 'Fallback Line_S9', 'Fallback Line_S10', 'Fallback Line_S11', 'Fallback Line_S12', 'Fallback Line_S13', 'Fallback Line_S14', 'Fallback Line_S15', 'Fallback Line_S16', 'Fallback Line_S17', 'Fallback Line_S18', 'Fallback Line_S19', 'Fallback Line_S20', 'Fallback Line_S21', 'Fallback Line_S22', 'Fallback Line_S23', 'Fallback Line_S24', 'Fallback Line_S25', 'Fallback Line_S26']"
L1,L1_B,17:15,18:08,15,53,35,"['Fallback Line_S26', 'Fallback Line_S25', 'Fallback Line_S24', 'Fallback Line_S23', 'Fallback Line_S22', 'Fallback Line_S21', 'Fallback Line_S20', 'Fallback Line_S19', 'Fallback Line_S18', 'Fallback Line_S17', 'Fallback Line_S16', 'Fallback Line_S15', 'Fallback Line_S14', 'Fallback Line_S13', 'Fallback Line_S12', 'Fallback Line_S11', 'Fallback Line_S10', 'Fallback Line_S9', 'Fallback Line_S8', 'Fallback Line_S7', 'Fallback Line_S6', 'Fallback Line_S5', 'Fallback Line_S4', 'Fallback Line_S3', 'Fallback Line_S2', 'Fallback Line_S1', 'Fallback Line_S0']"
L1,L1_A,17:30,18:23,15,53,35,"['Fallback Line_S0', 'Fallback Line_S1', 'Fallback Line_S2', 'Fallback Line_S3', 'Fallback Line_S4', 'Fallback Line_S5', 'Fallback Line_S6', 'Fallback Line_S7', 'Fallback Line_S8', 'Fallback Line_S9', 'Fallback Line_S10', 'Fallback Line_S11', 'Fallback Line_S12', 'Fallback Line_S13', 'Fallback Line_S14', 'Fallback Line_S15', 'Fallback Line_S16', 'Fallback Line_S17', 'Fallback Line_S18', 'Fallback Line_S19', 'Fallback Line_S20', 'Fallback Line_S21', 'Fallback Line_S22', 'Fallback Line_S23', 'Fallback Line_S24', 'Fallback Line_S25', 'Fallback Line_S26']"
L1,L1_B,17:30,18:23,15,53,35,"['Fallback Line_S26', 'Fallback Line_S25', 'Fallback Line_S24', 'Fallback Line_S23', 'Fallback Line_S22', 'Fallback Line_S21', 'Fallback Line_S20', 'Fallback Line_S19', 'Fallback Line_S18', 'Fallback Line_S17', 'Fallback Line_S16', 'Fallback Line_S15', 'Fallback Line_S14', 'Fallback Line_S13', 'Fallback Line_S12', 'Fallback Line_S11', 'Fallback Line_S10', 'Fallback Line_S9', 'Fallback Line_S8', 'Fallback Line_S7', 'Fallback Line_S6', 'Fallback Line_S5', 'Fallback Line_S4', 'Fallback Line_S3', 'Fallback Line_S2', 'Fallback Line_S1', 'Fallback Line_S0']"
L1,L1_A,17:45,18:38,15,53,35,"['Fallback Line_S0', 'Fallback Line_S1', 'Fallback Line_S2', 'Fallback Line_S3', 'Fallback Line_S4', 'Fallback Line_S5', 'Fallback Line_S6', 'Fallback Line_S7', 'Fallback Line_S8', 'Fallback Line_S9', 'Fallback Line_S10', 'Fallback Line_S11', 'Fallback Line_S12', 'Fallback Line_S13', 'Fallback Line_S14', 'Fallback Line_S15', 'Fallback Line_S16', 'Fallback Line_S17', 'Fallback Line_S18', 'Fallback Line_S19', 'Fallback Line_S20', 'Fallback Line_S21', 'Fallback Line_S22', 'Fallback Line_S23', 'Fallback Line_S24', 'Fallback Line_S25', 'Fallback Line_S26']"
L1,L1_B,17:45,18:38,15,53,35,"['Fallback Line_S26', 'Fallback Line_S25', 'Fallback Line_S24', 'Fallback Line_S23', 'Fallback Line_S22', 'Fallback Line_S21', 'Fallback Line_S20', 'Fallback Line_S19', 'Fallback Line_S18', 'Fallback Line_S17', 'Fallback Line_S16', 'Fallback Line_S15', 'Fallback Line_S14', 'Fallback Line_S13', 'Fallback Line_S12', 'Fallback Line_S11', 'Fallback Line_S10', 'Fallback Line_S9', 'Fallback Line_S8', 'Fallback Line_S7', 'Fallback Line_S6', 'Fallback Line_S5', 'Fallback Line_S4', 'Fallback Line_S3', 'Fallback Line_S2', 'Fallback Line_S1', 'Fallback Line_S0']"
L1,L1_A,18:00,18:53,15,53,35,"['Fallback Line_S0', 'Fallback Line_S1', 'Fallback Line_S2', 'Fallback Line_S3', 'Fallback Line_S4', 'Fallback Line_S5', 'Fallback Line_S6', 'Fallback Line_S7', 'Fallback Line_S8', 'Fallback Line_S9', 'Fallback Line_S10', 'Fallback Line_S11', 'Fallback Line_S12', 'Fallback Line_S13', 'Fallback Line_S14', 'Fallback Line_S15', 'Fallback Line_S16', 'Fallback Line_S17', 'Fallback Line_S18', 'Fallback Line_S19', 'Fallback Line_S20', 'Fallback Line_S21', 'Fallback Line_S22', 'Fallback Line_S23', 'Fallback Line_S24', 'Fallback Line_S25', 'Fallback Line_S26']"
L1,L1_B,18:00,18:53,15,53,35,"['Fallback Line_S26', 'Fallback Line_S25', 'Fallback Line_S24', 'Fallback Line_S23', 'Fallback Line_S22', 'Fallback Line_S21', 'Fallback Line_S20', 'Fallback Line_S19', 'Fallback Line_S18', 'Fallback Line_S17', 'Fallback Line_S16', 'Fallback Line_S15', 'Fallback Line_S14', 'Fallback Line_S13', 'Fallback Line_S12', 'Fallback Line_S11', 'Fallback Line_S10', 'Fallback Line_S9', 'Fallback Line_S8', 'Fallback Line_S7', 'Fallback Line_S6', 'Fallback Line_S5', 'Fallback Line_S4', 'Fallback Line_S3', 'Fallback Line_S2', 'Fallback Line_S1', 'Fallback Line_S0']"
L1,L1_A,18:15,19:08,15,53,35,"['Fallback Line_S0', 'Fallback Line_S1', 'Fallback Line_S2', 'Fallback Line_S3', 'Fallback Line_S4', 'Fallback Line_S5', 'Fallback Line_S6', 'Fallback Line_S7', 'Fallback Line_S8', 'Fallback Line_S9', 'Fallback Line_S10', 'Fallback Line_S11', 'Fallback Line_S12', 'Fallback Line_S13', 'Fallback Line_S14', 'Fallback Line_S15', 'Fallback Line_S16', 'Fallback Line_S17', 'Fallback Line_S18', 'Fallback Line_S19', 'Fallback Line_S20', 'Fallback Line_S21', 'Fallback Line_S22', 'Fallback Line_S23', 'Fallback Line_S24', 'Fallback Line_S25', 'Fallback Line_S26']"
L1,L1_B,18:15,19:08,15,53,35,"['Fallback Line_S26', 'Fallback Line_S25', 'Fallback Line_S24', 'Fallback Line_S23', 'Fallback Line_S22', 'Fallback Line_S21', 'Fallback Line_S20', 'Fallback Line_S19', 'Fallback Line_S18', 'Fallback Line_S17', 'Fallback Line_S16', 'Fallback Line_S15', 'Fallback Line_S14', 'Fallback Line_S13', 'Fallback Line_S12', 'Fallback Line_S11', 'Fallback Line_S10', 'Fallback Line_S9', 'Fallback Line_S8', 'Fallback Line_S7', 'Fallback Line_S6', 'Fallback Line_S5', 'Fallback Line_S4', 'Fallback Line_S3', 'Fallback Line_S2', 'Fallback Line_S1', 'Fallback Line_S0']"
L1,L1_A,18:30,19:23,15,53,35,"['Fallback Line_S0', 'Fallback Line_S1', 'Fallback Line_S2', 'Fallback Line_S3', 'Fallback Line_S4', 'Fallback Line_S5', 'Fallback Line_S6', 'Fallback Line_S7', 'Fallback Line_S8', 'Fallback Line_S9', 'Fallback Line_S10', 'Fallback Line_S11', 'Fallback Line_S12', 'Fallback Line_S13', 'Fallback Line_S14', 'Fallback Line_S15', 'Fallback Line_S16', 'Fallback Line_S17', 'Fallback Line_S18', 'Fallback Line_S19', 'Fallback Line_S20', 'Fallback Line_S21', 'Fallback Line_S22', 'Fallback Line_S23', 'Fallback Line_S24', 'Fallback Line_S25', 'Fallback Line_S26']"
L1,L1_B,18:30,19:23,15,53,35,"['Fallback Line_S26', 'Fallback Line_S25', 'Fallback Line_S24', 'Fallback Line_S23', 'Fallback Line_S22', 'Fallback Line_S21', 'Fallback Line_S20', 'Fallback Line_S19', 'Fallback Line_S18', 'Fallback Line_S17', 'Fallback Line_S16', 'Fallback Line_S15', 'Fallback Line_S14', 'Fallback Line_S13', 'Fallback Line_S12', 'Fallback Line_S11', 'Fallback Line_S10', 'Fallback Line_S9', 'Fallback Line_S8', 'Fallback Line_S7', 'Fallback Line_S6', 'Fallback Line_S5', 'Fallback Line_S4', 'Fallback Line_S3', 'Fallback Line_S2', 'Fallback Line_S1', 'Fallback Line_S0']"
L1,L1_A,18:45,19:38,15,53,35,"['Fallback Line_S0', 'Fallback Line_S1', 'Fallback Line_S2', 'Fallback Line_S3', 'Fallback Line_S4', 'Fallback Line_S5', 'Fallback Line_S6', 'Fallback Line_S7', 'Fallback Line_S8', 'Fallback Line_S9', 'Fallback Line_S10', 'Fallback Line_S11', 'Fallback Line_S12', 'Fallback Line_S13', 'Fallback Line_S14', 'Fallback Line_S15', 'Fallback Line_S16', 'Fallback Line_S17', 'Fallback Line_S18', 'Fallback Line_S19', 'Fallback Line_S20', 'Fallback Line_S21', 'Fallback Line_S22', 'Fallback Line_S23', 'Fallback Line_S24', 'Fallback Line_S25', 'Fallback Line_S26']"
L1,L1_B,18:45,19:38,15,53,35,"['Fallback Line_S26', 'Fallback Line_S25', 'Fallback Line_S24', 'Fallback Line_S23', 'Fallback Line_S22', 'Fallback Line_S21', 'Fallback Line_S20', 'Fallback Line_S19', 'Fallback Line_S18', 'Fallback Line_S17', 'Fallback Line_S16', 'Fallback Line_S15', 'Fallback Line_S14', 'Fallback Line_S13', 'Fallback Line_S12', 'Fallback Line_S11', 'Fallback Line_S10', 'Fallback Line_S9', 'Fallback Line_S8', 'Fallback Line_S7', 'Fallback Line_S6', 'Fallback Line_S5', 'Fallback Line_S4', 'Fallback Line_S3', 'Fallback Line_S2', 'Fallback Line_S1', 'Fallback Line_S0']"
L1,L1_A,19:00,19:53,15,53,35,"['Fallback Line_S0', 'Fallback Line_S1', 'Fallback Line_S2', 'Fallback Line_S3', 'Fallback Line_S4', 'Fallback Line_S5', 'Fallback Line_S6', 'Fallback Line_S7', 'Fallback Line_S8', 'Fallback Line_S9', 'Fallback Line_S10', 'Fallback Line_S11', 'Fallback Line_S12', 'Fallback Line_S13', 'Fallback Line_S14', 'Fallback Line_S15', 'Fallback Line_S16', 'Fallback Line_S17', 'Fallback Line_S18', 'Fallback Line_S19', 'Fallback Line_S20', 'Fallback Line_S21', 'Fallback Line_S22', 'Fallback Line_S23', 'Fallback Line_S24', 'Fallback Line_S25', 'Fallback Line_S26']"
L1,L1_B,19:00,19:53,15,53,35,"['Fallback Line_S26', 'Fallback Line_S25', 'Fallback Line_S24', 'Fallback Line_S23', 'Fallback Line_S22', 'Fallback Line_S21', 'Fallback Line_S20', 'Fallback Line_S19', 'Fallback Line_S18', 'Fallback Line_S17', 'Fallback Line_S16', 'Fallback Line_S15', 'Fallback Line_S14', 'Fallback Line_S13', 'Fallback Line_S12', 'Fallback Line_S11', 'Fallback Line_S10', 'Fallback Line_S9', 'Fallback Line_S8', 'Fallback Line_S7', 'Fallback Line_S6', 'Fallback Line_S5', 'Fallback Line_S4', 'Fallback Line_S3', 'Fallback Line_S2', 'Fallback Line_S1', 'Fallback Line_S0']"
L1,L1_A,19:15,20:08,15,53,35,"['Fallback Line_S0', 'Fallback Line_S1', 'Fallback Line_S2', 'Fallback Line_S3', 'Fallback Line_S4', 'Fallback Line_S5', 'Fallback Line_S6', 'Fallback Line_S7', 'Fallback Line_S8', 'Fallback Line_S9', 'Fallback Line_S10', 'Fallback Line_S11', 'Fallback Line_S12', 'Fallback Line_S13', 'Fallback Line_S14', 'Fallback Line_S15', 'Fallback Line_S16', 'Fallback Line_S17', 'Fallback Line_S18', 'Fallback Line_S19', 'Fallback Line_S20', 'Fallback Line_S21', 'Fallback Line_S22', 'Fallback Line_S23', 'Fallback Line_S24', 'Fallback Line_S25', 'Fallback Line_S26']"
L1,L1_B,19:15,20:08,15,53,35,"['Fallback Line_S26', 'Fallback Line_S25', 'Fallback Line_S24', 'Fallback Line_S23', 'Fallback Line_S22', 'Fallback Line_S21', 'Fallback Line_S20', 'Fallback Line_S19', 'Fallback Line_S18', 'Fallback Line_S17', 'Fallback Line_S16', 'Fallback Line_S15', 'Fallback Line_S14', 'Fallback Line_S13', 'Fallback Line_S12', 'Fallback Line_S11', 'Fallback Line_S10', 'Fallback Line_S9', 'Fallback Line_S8', 'Fallback Line_S7', 'Fallback Line_S6', 'Fallback Line_S5', 'Fallback Line_S4', 'Fallback Line_S3', 'Fallback Line_S2', 'Fallback Line_S1', 'Fallback Line_S0']"
L1,L1_A,19:30,20:23,15,53,35,"['Fallback Line_S0', 'Fallback Line_S1', 'Fallback Line_S2', 'Fallback Line_S3', 'Fallback Line_S4', 'Fallback Line_S5', 'Fallback Line_S6', 'Fallback Line_S7', 'Fallback Line_S8', 'Fallback Line_S9', 'Fallback Line_S10', 'Fallback Line_S11', 'Fallback Line_S12', 'Fallback Line_S13', 'Fallback Line_S14', 'Fallback Line_S15', 'Fallback Line_S16', 'Fallback Line_S17', 'Fallback Line_S18', 'Fallback Line_S19', 'Fallback Line_S20', 'Fallback Line_S21', 'Fallback Line_S22', 'Fallback Line_S23', 'Fallback Line_S24', 'Fallback Line_S25', 'Fallback Line_S26']"
L1,L1_B,19:30,20:23,15,53,35,"['Fallback Line_S26', 'Fallback Line_S25', 'Fallback Line_S24', 'Fallback Line_S23', 'Fallback Line_S22', 'Fallback Line_S21', 'Fallback Line_S20', 'Fallback Line_S19', 'Fallback Line_S18', 'Fallback Line_S17', 'Fallback Line_S16', 'Fallback Line_S15', 'Fallback Line_S14', 'Fallback Line_S13', 'Fallback Line_S12', 'Fallback Line_S11', 'Fallback Line_S10', 'Fallback Line_S9', 'Fallback Line_S8', 'Fallback Line_S7', 'Fallback Line_S6', 'Fallback Line_S5', 'Fallback Line_S4', 'Fallback Line_S3', 'Fallback Line_S2', 'Fallback Line_S1', 'Fallback Line_S0']"
L1,L1_A,19:45,20:38,15,53,35,"['Fallback Line_S0', 'Fallback Line_S1', 'Fallback Line_S2', 'Fallback Line_S3', 'Fallback Line_S4', 'Fallback Line_S5', 'Fallback Line_S6', 'Fallback Line_S7', 'Fallback Line_S8', 'Fallback Line_S9', 'Fallback Line_S10', 'Fallback Line_S11', 'Fallback Line_S12', 'Fallback Line_S13', 'Fallback Line_S14', 'Fallback Line_S15', 'Fallback Line_S16', 'Fallback Line_S17', 'Fallback Line_S18', 'Fallback Line_S19', 'Fallback Line_S20', 'Fallback Line_S21', 'Fallback Line_S22', 'Fallback Line_S23', 'Fallback Line_S24', 'Fallback Line_S25', 'Fallback Line_S26']"
L1,L1_B,19:45,20:38,15,53,35,"['Fallback Line_S26', 'Fallback Line_S25', 'Fallback Line_S24', 'Fallback Line_S23', 'Fallback Line_S22', 'Fallback Line_S21', 'Fallback Line_S20', 'Fallback Line_S19', 'Fallback Line_S18', 'Fallback Line_S17', 'Fallback Line_S16', 'Fallback Line_S15', 'Fallback Line_S14', 'Fallback Line_S13', 'Fallback Line_S12', 'Fallback Line_S11', 'Fallback Line_S10', 'Fallback Line_S9', 'Fallback Line_S8', 'Fallback Line_S7', 'Fallback Line_S6', 'Fallback Line_S5', 'Fallback Line_S4', 'Fallback Line_S3', 'Fallback Line_S2', 'Fallback Line_S1', 'Fallback Line_S0']"
L1,L1_A,20:00,20:53,15,53,35,"['Fallback Line_S0', 'Fallback Line_S1', 'Fallback Line_S2', 'Fallback Line_S3', 'Fallback Line_S4', 'Fallback Line_S5', 'Fallback Line_S6', 'Fallback Line_S7', 'Fallback Line_S8', 'Fallback Line_S9', 'Fallback Line_S10', 'Fallback Line_S11', 'Fallback Line_S12', 'Fallback Line_S13', 'Fallback Line_S14', 'Fallback Line_S15', 'Fallback Line_S16', 'Fallback Line_S17', 'Fallback Line_S18', 'Fallback Line_S19', 'Fallback Line_S20', 'Fallback Line_S21', 'Fallback Line_S22', 'Fallback Line_S23', 'Fallback Line_S24', 'Fallback Line_S25', 'Fallback Line_S26']"
L1,L1_B,20:00,20:53,15,53,35,"['Fallback Line_S26', 'Fallback Line_S25', 'Fallback Line_S24', 'Fallback Line_S23', 'Fallback Line_S22', 'Fallback Line_S21', 'Fallback Line_S20', 'Fallback Line_S19', 'Fallback Line_S18', 'Fallback Line_S17', 'Fallback Line_S16', 'Fallback Line_S15', 'Fallback Line_S14', 'Fallback Line_S13', 'Fallback Line_S12', 'Fallback Line_S11', 'Fallback Line_S10', 'Fallback Line_S9', 'Fallback Line_S8', 'Fallback Line_S7', 'Fallback Line_S6', 'Fallback Line_S5', 'Fallback Line_S4', 'Fallback Line_S3', 'Fallback Line_S2', 'Fallback Line_S1', 'Fallback Line_S0']"
L1,L1_A,20:15,21:08,15,53,35,"['Fallback Line_S0', 'Fallback Line_S1', 'Fallback Line_S2', 'Fallback Line_S3', 'Fallback Line_S4', 'Fallback Line_S5', 'Fallback Line_S6', 'Fallback Line_S7', 'Fallback Line_S8', 'Fallback Line_S9', 'Fallback Line_S10', 'Fallback Line_S11', 'Fallback Line_S12', 'Fallback Line_S13', 'Fallback Line_S14', 'Fallback Line_S15', 'Fallback Line_S16', 'Fallback Line_S17', 'Fallback Line_S18', 'Fallback Line_S19', 'Fallback Line_S20', 'Fallback Line_S21', 'Fallback Line_S22', 'Fallback Line_S23', 'Fallback Line_S24', 'Fallback Line_S25', 'Fallback Line_S26']"
L1,L1_B,20:15,21:08,15,53,35,"['Fallback Line_S26', 'Fallback Line_S25', 'Fallback Line_S24', 'Fallback Line_S23', 'Fallback Line_S22', 'Fallback Line_S21', 'Fallback Line_S20', 'Fallback Line_S19', 'Fallback Line_S18', 'Fallback Line_S17', 'Fallback Line_S16', 'Fallback Line_S15', 'Fallback Line_S14', 'Fallback Line_S13', 'Fallback Line_S12', 'Fallback Line_S11', 'Fallback Line_S10', 'Fallback Line_S9', 'Fallback Line_S8', 'Fallback Line_S7', 'Fallback Line_S6', 'Fallback Line_S5', 'Fallback Line_S4', 'Fallback Line_S3', 'Fallback Line_S2', 'Fallback Line_S1', 'Fallback Line_S0']"
L1,L1_A,20:30,21:23,15,53,35,"['Fallback Line_S0', 'Fallback Line_S1', 'Fallback Line_S2', 'Fallback Line_S3', 'Fallback Line_S4', 'Fallback Line_S5', 'Fallback Line_S6', 'Fallback Line_S7', 'Fallback Line_S8', 'Fallback Line_S9', 'Fallback Line_S10', 'Fallback Line_S11', 'Fallback Line_S12', 'Fallback Line_S13', 'Fallback Line_S14', 'Fallback Line_S15', 'Fallback Line_S16', 'Fallback Line_S17', 'Fallback Line_S18', 'Fallback Line_S19', 'Fallback Line_S20', 'Fallback Line_S21', 'Fallback Line_S22', 'Fallback Line_S23', 'Fallback Line_S24', 'Fallback Line_S25', 'Fallback Line_S26']"
L1,L1_B,20:30,21:23,15,53,35,"['Fallback Line_S26', 'Fallback Line_S25', 'Fallback Line_S24', 'Fallback Line_S23', 'Fallback Line_S22', 'Fallback Line_S21', 'Fallback Line_S20', 'Fallback Line_S19', 'Fallback Line_S18', 'Fallback Line_S17', 'Fallback Line_S16', 'Fallback Line_S15', 'Fallback Line_S14', 'Fallback Line_S13', 'Fallback Line_S12', 'Fallback Line_S11', 'Fallback Line_S10', 'Fallback Line_S9', 'Fallback Line_S8', 'Fallback Line_S7', 'Fallback Line_S6', 'Fallback Line_S5', 'Fallback Line_S4', 'Fallback Line_S3', 'Fallback Line_S2', 'Fallback Line_S1', 'Fallback Line_S0']"
L1,L1_A,20:45,21:38,15,53,35,"['Fallback Line_S0', 'Fallback Line_S1', 'Fallback Line_S2', 'Fallback Line_S3', 'Fallback Line_S4', 'Fallback Line_S5', 'Fallback Line_S6', 'Fallback Line_S7', 'Fallback Line_S8', 'Fallback Line_S9', 'Fallback Line_S10', 'Fallback Line_S11', 'Fallback Line_S12', 'Fallback Line_S13', 'Fallback Line_S14', 'Fallback Line_S15', 'Fallback Line_S16', 'Fallback Line_S17', 'Fallback Line_S18', 'Fallback Line_S19', 'Fallback Line_S20', 'Fallback Line_S21', 'Fallback Line_S22', 'Fallback Line_S23', 'Fallback Line_S24', 'Fallback Line_S25', 'Fallback Line_S26']"
L1,L1_B,20:45,21:38,15,53,35,"['Fallback Line_S26', 'Fallback Line_S25', 'Fallback Line_S24', 'Fallback Line_S23', 'Fallback Line_S22', 'Fallback Line_S21', 'Fallback Line_S20', 'Fallback Line_S19', 'Fallback Line_S18', 'Fallback Line_S17', 'Fallback Line_S16', 'Fallback Line_S15', 'Fallback Line_S14', 'Fallback Line_S13', 'Fallback Line_S12', 'Fallback Line_S11', 'Fallback Line_S10', 'Fallback Line_S9', 'Fallback Line_S8', 'Fallback Line_S7', 'Fallback Line_S6', 'Fallback Line_S5', 'Fallback Line_S4', 'Fallback Line_S3', 'Fallback Line_S2', 'Fallback Line_S1', 'Fallback Line_S0']"
L1,L1_A,21:00,21:53,15,53,35,"['Fallback Line_S0', 'Fallback Line_S1', 'Fallback Line_S2', 'Fallback Line_S3', 'Fallback Line_S4', 'Fallback Line_S5', 'Fallback Line_S6', 'Fallback Line_S7', 'Fallback Line_S8', 'Fallback Line_S9', 'Fallback Line_S10', 'Fallback Line_S11', 'Fallback Line_S12', 'Fallback Line_S13', 'Fallback Line_S14', 'Fallback Line_S15', 'Fallback Line_S16', 'Fallback Line_S17', 'Fallback Line_S18', 'Fallback Line_S19', 'Fallback Line_S20', 'Fallback Line_S21', 'Fallback Line_S22', 'Fallback Line_S23', 'Fallback Line_S24', 'Fallback Line_S25', 'Fallback Line_S26']"
L1,L1_B,21:00,21:53,15,53,35,"['Fallback Line_S26', 'Fallback Line_S25', 'Fallback Line_S24', 'Fallback Line_S23', 'Fallback Line_S22', 'Fallback Line_S21', 'Fallback Line_S20', 'Fallback Line_S19', 'Fallback Line_S18', 'Fallback Line_S17', 'Fallback Line_S16', 'Fallback Line_S15', 'Fallback Line_S14', 'Fallback Line_S13', 'Fallback Line_S12', 'Fallback Line_S11', 'Fallback Line_S10', 'Fallback Line_S9', 'Fallback Line_S8', 'Fallback Line_S7', 'Fallback Line_S6', 'Fallback Line_S5', 'Fallback Line_S4', 'Fallback Line_S3', 'Fallback Line_S2', 'Fallback Line_S1', 'Fallback Line_S0']"
L1,L1_A,21:15,22:08,15,53,35,"['Fallback Line_S0', 'Fallback Line_S1', 'Fallback Line_S2', 'Fallback Line_S3', 'Fallback Line_S4', 'Fallback Line_S5', 'Fallback Line_S6', 'Fallback Line_S7', 'Fallback Line_S8', 'Fallback Line_S9', 'Fallback Line_S10', 'Fallback Line_S11', 'Fallback Line_S12', 'Fallback Line_S13', 'Fallback Line_S14', 'Fallback Line_S15', 'Fallback Line_S16', 'Fallback Line_S17', 'Fallback Line_S18', 'Fallback Line_S19', 'Fallback Line_S20', 'Fallback Line_S21', 'Fallback Line_S22', 'Fallback Line_S23', 'Fallback Line_S24', 'Fallback Line_S25', 'Fallback Line_S26']"
L1,L1_B,21:15,22:08,15,53,35,"['Fallback Line_S26', 'Fallback Line_S25', 'Fallback Line_S24', 'Fallback Line_S23', 'Fallback Line_S22', 'Fallback Line_S21', 'Fallback Line_S20', 'Fallback Line_S19', 'Fallback Line_S18', 'Fallback Line_S17', 'Fallback Line_S16', 'Fallback Line_S15', 'Fallback Line_S14', 'Fallback Line_S13', 'Fallback Line_S12', 'Fallback Line_S11', 'Fallback Line_S10', 'Fallback Line_S9', 'Fallback Line_S8', 'Fallback Line_S7', 'Fallback Line_S6', 'Fallback Line_S5', 'Fallback Line_S4', 'Fallback Line_S3', 'Fallback Line_S2', 'Fallback Line_S1', 'Fallback Line_S0']"
L1,L1_A,21:30,22:23,15,53,35,"['Fallback Line_S0', 'Fallback Line_S1', 'Fallback Line_S2', 'Fallback Line_S3', 'Fallback Line_S4', 'Fallback Line_S5', 'Fallback Line_S6', 'Fallback Line_S7', 'Fallback Line_S8', 'Fallback Line_S9', 'Fallback Line_S10', 'Fallback Line_S11', 'Fallback Line_S12', 'Fallback Line_S13', 'Fallback Line_S14', 'Fallback Line_S15', 'Fallback Line_S16', 'Fallback Line_S17', 'Fallback Line_S18', 'Fallback Line_S19', 'Fallback Line_S20', 'Fallback Line_S21', 'Fallback Line_S22', 'Fallback Line_S23', 'Fallback Line_S24', 'Fallback Line_S25', 'Fallback Line_S26']"
L1,L1_B,21:30,22:23,15,53,35,"['Fallback Line_S26', 'Fallback Line_S25', 'Fallback Line_S24', 'Fallback Line_S23', 'Fallback Line_S22', 'Fallback Line_S21', 'Fallback Line_S20', 'Fallback Line_S19', 'Fallback Line_S18', 'Fallback Line_S17', 'Fallback Line_S16', 'Fallback Line_S15', 'Fallback Line_S14', 'Fallback Line_S13', 'Fallback Line_S12', 'Fallback Line_S11', 'Fallback Line_S10', 'Fallback Line_S9', 'Fallback Line_S8', 'Fallback Line_S7', 'Fallback Line_S6', 'Fallback Line_S5', 'Fallback Line_S4', 'Fallback Line_S3', 'Fallback Line_S2', 'Fallback Line_S1', 'Fallback Line_S0']"
L1,L1_A,21:45,22:38,15,53,35,"['Fallback Line_S0', 'Fallback Line_S1', 'Fallback Line_S2', 'Fallback Line_S3', 'Fallback Line_S4', 'Fallback Line_S5', 'Fallback Line_S6', 'Fallback Line_S7', 'Fallback Line_S8', 'Fallback Line_S9', 'Fallback Line_S10', 'Fallback Line_S11', 'Fallback Line_S12', 'Fallback Line_S13', 'Fallback Line_S14', 'Fallback Line_S15', 'Fallback Line_S16', 'Fallback Line_S17', 'Fallback Line_S18', 'Fallback Line_S19', 'Fallback Line_S20', 'Fallback Line_S21', 'Fallback Line_S22', 'Fallback Line_S23', 'Fallback Line_S24', 'Fallback Line_S25', 'Fallback Line_S26']"
L1,L1_B,21:45,22:38,15,53,35,"['Fallback Line_S26', 'Fallback Line_S25', 'Fallback Line_S24', 'Fallback Line_S23', 'Fallback Line_S22', 'Fallback Line_S21', 'Fallback Line_S20', 'Fallback Line_S19', 'Fallback Line_S18', 'Fallback Line_S17', 'Fallback Line_S16', 'Fallback Line_S15', 'Fallback Line_S14', 'Fallback Line_S13', 'Fallback Line_S12', 'Fallback Line_S11', 'Fallback Line_S10', 'Fallback Line_S9', 'Fallback Line_S8', 'Fallback Line_S7', 'Fallback Line_S6', 'Fallback Line_S5', 'Fallback Line_S4', 'Fallback Line_S3', 'Fallback Line_S2', 'Fallback Line_S1', 'Fallback Line_S0']"
L1,L1_A,22:00,22:53,15,53,35,"['Fallback Line_S0', 'Fallback Line_S1', 'Fallback Line_S2', 'Fallback Line_S3', 'Fallback Line_S4', 'Fallback Line_S5', 'Fallback Line_S6', 'Fallback Line_S7', 'Fallback Line_S8', 'Fallback Line_S9', 'Fallback Line_S10', 'Fallback Line_S11', 'Fallback Line_S12', 'Fallback Line_S13', 'Fallback Line_S14', 'Fallback Line_S15', 'Fallback Line_S16', 'Fallback Line_S17', 'Fallback Line_S18', 'Fallback Line_S19', 'Fallback Line_S20', 'Fallback Line_S21', 'Fallback Line_S22', 'Fallback Line_S23', 'Fallback Line_S24', 'Fallback Line_S25', 'Fallback Line_S26']"
L1,L1_B,22:00,22:53,15,53,35,"['Fallback Line_S26', 'Fallback Line_S25', 'Fallback Line_S24', 'Fallback Line_S23', 'Fallback Line_S22', 'Fallback Line_S21', 'Fallback Line_S20', 'Fallback Line_S19', 'Fallback Line_S18', 'Fallback Line_S17', 'Fallback Line_S16', 'Fallback Line_S15', 'Fallback Line_S14', 'Fallback Line_S13', 'Fallback Line_S12', 'Fallback Line_S11', 'Fallback Line_S10', 'Fallback Line_S9', 'Fallback Line_S8', 'Fallback Line_S7', 'Fallback Line_S6', 'Fallback Line_S5', 'Fallback Line_S4', 'Fallback Line_S3', 'Fallback Line_S2', 'Fallback Line_S1', 'Fallback Line_S0']"
